Step,700,750,800,850,900
0,-5.39946E-05,-6.50831E-05,-8.00625E-05,-7.56663E-05,-1.61025E-05
1,1.909416554,1.577559425,1.565412718,1.695324997,1.662609687
2,2.247623722,1.946855403,1.997496451,2.078941355,2.003312715
3,2.637237871,2.182883564,2.331959842,2.246058052,2.081633473
4,2.804628971,2.267528027,2.487557259,2.402898054,2.249189521
5,3.190085101,2.379693259,2.483555888,2.419567153,2.401395138
6,3.085180938,2.516645166,2.55797217,2.552572854,2.382828099
7,3.233495107,2.655569515,2.627757988,2.792626797,2.471740364
8,3.217007641,2.709036627,2.717246352,2.585627542,2.4737585
9,3.360996992,2.86161694,2.720945296,2.739914816,2.640403075
10,3.42307734,2.728147023,2.782034363,2.824851856,2.638092263
11,3.42662433,3.03163329,2.719586171,2.841861695,2.595778781
12,3.495540489,3.059223727,2.834061008,2.698346788,2.669630365
13,3.571310542,2.911808691,2.818997689,2.742162585,2.763346243
14,3.736971986,2.920759608,2.805782702,2.851371997,2.641036584
15,3.880803413,2.900402578,2.823468953,2.865871082,2.574290402
16,3.587235334,2.935794612,2.80626422,2.712912726,2.698652406
17,3.793080467,3.013582146,2.877700962,2.80920768,2.606397119
18,3.777479443,2.994583627,2.974185775,2.890110073,2.77301681
19,3.871650441,3.131933783,2.794715702,2.894267029,2.855619862
20,3.929835356,3.088662045,3.004015072,3.029535487,2.723633346
21,3.883627391,3.097489865,2.966263782,2.921316202,2.837519059
22,3.941083924,3.163511197,2.902315639,2.943074837,2.76988286
23,3.895610493,3.217693372,2.863510549,3.062321671,2.843617361
24,3.881208675,3.087306469,3.120754505,3.025327173,2.816521039
25,3.934903164,3.106297228,3.027931936,2.9079376,2.819763179
26,3.920379853,3.144905161,2.97603646,3.082113786,2.804739888
27,4.170135654,3.164251859,2.944561541,2.965692762,2.790609976
28,4.019235252,3.171230797,3.058471426,2.837530888,2.915079437
29,4.142746708,3.156843626,3.152517321,3.160723573,2.814482767
30,4.106270646,3.207712369,3.1756268,2.935706396,2.811284679
31,3.995253767,3.126628734,3.099526243,2.87237931,2.807262289
32,4.168037742,3.411195595,3.194574885,3.090836592,2.827545411
33,4.220606014,3.115764842,3.089615811,2.941443421,2.901966925
34,4.073621257,3.168302914,2.955270357,2.977704084,2.94852894
35,4.121371976,3.347977881,3.161238292,2.936996256,2.929781272
36,4.26653999,3.241073799,3.14099529,3.037172356,2.97658658
37,4.117057753,3.285278093,3.254610927,3.097180027,2.8526083
38,4.060418309,3.318539395,2.999475492,3.061944181,2.974638617
39,4.315161332,3.402445908,3.024632756,3.040270332,3.00453626
40,4.171293023,3.18889427,3.202647732,3.075750135,2.790869206
41,4.389192716,3.272782134,3.069873747,3.167758983,2.886171445
42,4.075133381,3.411697854,3.019889594,3.270310266,2.962473736
43,4.29885147,3.479046416,3.183700551,3.158188677,2.922024801
44,4.176120693,3.382967091,3.147925243,3.024088487,3.040267898
45,4.259270012,3.186790093,3.266875782,3.080130999,2.980054536
46,4.281410106,3.166191455,3.3501835,3.159510548,3.0643397
47,4.091216269,3.435622919,3.071051461,3.147162491,2.987741336
48,4.321428898,3.26813232,3.188167615,3.191753746,3.063394167
49,4.444504603,3.263054796,3.170805653,3.067388222,2.992547869
50,4.134142692,3.263971464,3.21049913,3.120520322,2.978830394
51,4.296358587,3.355118293,3.25732795,3.001193551,2.990439004
52,4.363803282,3.437148793,3.312729259,3.002443016,2.881565274
53,4.274467708,3.335904609,3.139505328,3.041723642,2.985827771
54,4.270737171,3.437882543,3.374921514,3.249480445,3.121699755
55,4.280021659,3.391636206,3.135366491,2.995999047,3.071162585
56,4.38491156,3.382243127,3.209275215,3.14086908,3.09055231
57,4.249730986,3.340835001,3.195039539,2.984232661,2.886811134
58,4.399367424,3.376273034,3.312477564,3.199259576,3.06194744
59,4.566744241,3.353961556,3.297342966,3.210477289,3.01471777
60,4.441698211,3.320483062,3.314011403,3.237239769,3.105337181
61,4.429175113,3.359623547,3.149912027,3.018131918,2.908580607
62,4.428405529,3.310518682,3.2709596,3.282296897,2.976593437
63,4.215099351,3.378002663,3.186183365,3.124164113,3.01532714
64,4.418896119,3.440245068,3.054318981,3.192002157,3.116304065
65,4.402324328,3.357772773,3.237399789,3.088980168,3.042887192
66,4.418052863,3.431976163,3.106679943,3.15284795,2.972870338
67,4.131110793,3.198042115,3.120822771,3.080397306,2.906567734
68,4.40417588,3.407891508,3.152003118,3.218732193,3.08034905
69,4.389785093,3.480599062,3.165430187,3.080772534,3.021975569
70,4.390844504,3.372675226,3.252145994,3.020503581,3.016424798
71,4.335714164,3.181307487,3.119006263,3.206437715,3.127445007
72,4.520415365,3.293753195,3.233775468,3.13337085,3.079982182
73,4.360173573,3.309894556,3.291004271,3.120318581,3.127931255
74,4.629648732,3.464843754,3.140137157,3.157647015,3.096204607
75,4.442236448,3.216671916,3.151375608,3.264471674,3.073102229
76,4.504206083,3.494341748,3.123880852,3.225737688,3.210240751
77,4.530830493,3.435917318,3.205821308,3.213453542,3.211884568
78,4.739476612,3.544724004,3.23750186,3.289615694,3.243731618
79,4.414664358,3.355866701,3.187737425,3.181719767,3.190194693
80,4.406161016,3.593587851,3.262968878,3.27788031,3.224673741
81,4.414933071,3.319064941,3.160272808,3.19238639,3.10511553
82,4.634531087,3.41212015,3.278043344,3.156544492,3.084100603
83,4.341600866,3.540830655,3.293521952,3.121497133,3.256026946
84,4.588970084,3.467390972,3.235366213,3.106839942,3.048671364
85,4.717442594,3.551063193,3.295027475,3.196984816,3.069594084
86,4.628357607,3.519902318,3.280374927,3.361598861,3.002352855
87,4.719247666,3.500602582,3.294801662,3.24644252,3.197775551
88,4.485217817,3.525236599,3.276706342,3.370293625,3.072337919
89,4.466041688,3.474665439,3.149295162,3.206949404,3.127648481
90,4.367339459,3.49267713,3.483544513,3.388861931,3.24120443
91,4.357466187,3.537737201,3.329887138,3.203574072,3.105039996
92,4.42295507,3.446056447,3.394146176,3.35076583,3.132855579
93,4.773089734,3.442690023,3.189098312,3.36877036,3.069893786
94,4.628945566,3.394718525,3.191276683,3.128409218,3.021964612
95,4.607557731,3.609329269,3.310464519,3.159017219,3.113980312
96,4.622632691,3.44264018,3.241278952,3.17257351,3.06712869
97,4.803656271,3.546017776,3.2449736,3.287468639,3.146503814
98,4.826320472,3.531343747,3.313004515,3.23471159,3.158656321
99,4.530915337,3.370180108,3.284179837,3.124088451,3.089953448
100,4.831556073,3.369589983,3.246970644,3.131905588,3.072637274
101,4.616576045,3.478611355,3.314571527,3.241043364,3.118682291
102,4.609816653,3.54746504,3.336662688,3.060324411,3.094153194
103,4.544284453,3.622691462,3.251649046,3.120482739,3.110928517
104,4.683858061,3.581213508,3.303421129,3.186867435,3.058245677
105,4.720336452,3.622192107,3.285686912,3.274737739,2.979748703
106,4.626476734,3.490916415,3.412792268,3.15720409,3.120086049
107,4.954356609,3.498314986,3.407254808,3.221563841,3.13550942
108,5.030513849,3.455220219,3.420676586,3.231066713,3.122779291
109,4.667215814,3.366611323,3.415900144,3.204961604,3.10501576
110,4.909223083,3.495061848,3.301220042,3.177986094,3.200053815
111,4.802809644,3.644265998,3.165596774,3.362515193,3.108634615
112,4.612653451,3.528748828,3.299530899,3.341445387,3.246338519
113,4.535984452,3.389387785,3.191209731,3.233272522,3.036842307
114,4.887792685,3.560013002,3.196981417,3.230221808,3.25784793
115,4.811536624,3.500322378,3.400914925,3.210152658,3.245068368
116,4.80478554,3.57725119,3.349091544,3.299207626,3.236379384
117,4.721543064,3.454104731,3.363341221,3.333188861,2.981705005
118,4.786862464,3.47205715,3.308103778,3.197543845,3.157112356
119,4.930710617,3.230932429,3.234336776,3.155861416,3.093913048
120,4.906468863,3.53880276,3.329421532,3.135962328,3.186816501
121,4.7641641,3.52915234,3.157650073,3.323032245,3.223001021
122,4.665725779,3.399684525,3.347661708,3.149760149,3.241808937
123,4.712549003,3.523281128,3.31342157,3.255296777,3.093102481
124,4.619079127,3.59467183,3.345677759,3.256682135,3.14574428
125,4.733469549,3.607660877,3.331924816,3.312191771,3.185520148
126,4.966752948,3.63432815,3.403711581,3.291135423,3.180597651
127,4.660911981,3.523254322,3.345279081,3.252309505,3.132626854
128,4.931584318,3.593013952,3.249245678,3.259472195,3.168167834
129,4.843930687,3.382486967,3.395913075,3.231599921,3.111060854
130,4.65303553,3.651013898,3.361548421,3.243834962,3.146485082
131,5.066353078,3.512284101,3.357771498,3.319376846,3.327695798
132,5.046528045,3.357637681,3.330121794,3.257169084,3.130375368
133,4.728037521,3.491504013,3.343846186,3.208056541,3.252352076
134,4.714874476,3.713903272,3.369971869,3.076372935,3.123227774
135,5.023583047,3.597539834,3.326856617,3.140992519,3.298312813
136,4.748341374,3.483404509,3.326340296,3.270012439,3.327065024
137,5.016513695,3.736625165,3.391153604,3.154810952,3.264902879
138,4.776662878,3.588738366,3.415353583,3.221335458,3.23819452
139,4.81689167,3.615504513,3.352373227,3.163200659,3.185643352
140,4.71418749,3.654380122,3.32009161,3.29027642,3.18264374
141,4.857530199,3.520685582,3.32151491,3.178448779,3.161881347
142,4.91750582,3.44370137,3.386494087,3.41108343,3.327691602
143,4.8254888,3.49243797,3.306633711,3.313599879,3.175350207
144,4.757444399,3.394546053,3.239507453,3.278886047,3.107677388
145,5.034288538,3.592704199,3.328055288,3.266968354,3.150466779
146,4.966120792,3.695063759,3.363426081,3.199399504,3.288584704
147,4.989357751,3.486884924,3.305262766,3.303526387,3.106900131
148,4.835170278,3.633046844,3.310160821,3.334084347,3.335093102
149,4.843791981,3.617226025,3.303917879,3.425417571,3.021719676
150,4.655043171,3.574065705,3.408883515,3.283613073,3.119784352
151,4.888973897,3.631316892,3.490655968,3.309948339,3.331436723
152,4.842571873,3.463942682,3.320675313,3.240859575,3.007941115
153,4.654932147,3.70502232,3.377730585,3.349104502,3.223068933
154,4.843784781,3.71098186,3.447731419,3.211498802,3.211600246
155,4.883794381,3.454998461,3.48961004,3.192927516,3.336671819
156,5.010712478,3.591292681,3.229626078,3.457488267,3.116616027
157,4.996531757,3.360662154,3.418425494,3.219839859,3.095245358
158,4.764530751,3.425432727,3.266469353,3.283343373,3.047829589
159,5.009332828,3.553858315,3.407595682,3.172065571,3.234453352
160,5.111138947,3.533441714,3.263428196,3.345055437,3.375074656
161,4.83761624,3.522825473,3.401302304,3.410721235,3.104405718
162,4.872605042,3.51217875,3.198913071,3.204162909,3.196504094
163,4.958675848,3.574279689,3.366726571,3.550487441,3.187228526
164,4.934883898,3.593473966,3.420085263,3.386526108,3.181026524
165,5.099039607,3.673586661,3.272720662,3.26026204,3.329740283
166,4.932634818,3.618798541,3.279571329,3.276476625,3.229870156
167,4.977451862,3.621963429,3.547813513,3.474917062,3.210866647
168,4.745640666,3.756716841,3.458321743,3.263484224,3.234617486
169,5.11823108,3.559238108,3.370191749,3.320268215,3.202530887
170,4.844394423,3.418763532,3.331407209,3.162352825,3.185149587
171,5.09225826,3.629553925,3.397038841,3.205286574,3.303783425
172,4.891148437,3.580016468,3.334600955,3.253390702,3.204635
173,5.022995491,3.6517421,3.398128077,3.221387062,3.296794405
174,4.946634749,3.33573844,3.334653129,3.318222537,3.104623998
175,4.917086352,3.729607275,3.254122466,3.402675757,3.254398732
176,5.14117191,3.739899564,3.372165195,3.378644627,3.283237365
177,4.873143683,3.465752278,3.454917278,3.352821378,3.262376911
178,4.804168848,3.568328807,3.345666174,3.320930174,3.210036914
179,4.974021944,3.612228791,3.240534529,3.321301624,3.26717052
180,4.944651946,3.623169725,3.516690871,3.245919987,3.218197664
181,5.05200495,3.615267346,3.402996958,3.278316294,3.240416808
182,4.83135538,3.738326148,3.358592008,3.321167984,3.182922791
183,5.198691124,3.743596484,3.302941437,3.245414498,3.358897742
184,4.955493771,3.503367644,3.499323737,3.326183529,3.102722368
185,4.923835192,3.627894917,3.295672144,3.26122998,3.280860447
186,4.846422592,3.755286165,3.374399375,3.409499731,3.326641228
187,5.072272741,3.393433635,3.27984337,3.163286036,3.223138807
188,4.933934689,3.681497649,3.31329212,3.384365267,3.124314435
189,5.199961315,3.808140153,3.54758515,3.472447565,3.284572064
190,4.827678582,3.391541793,3.5051437,3.234454702,3.110816129
191,4.985294878,3.506001724,3.323088127,3.359226316,3.224297867
192,5.053624028,3.67218401,3.401603994,3.403353764,3.228769205
193,4.931581553,3.627615857,3.550918101,3.103774558,3.351512302
194,5.174969801,3.434145464,3.476565319,3.31414467,3.081045519
195,4.941530486,3.651832135,3.26771598,3.247432114,3.094354508
196,5.171487485,3.607638037,3.490605939,3.230487297,3.310017635
197,5.131777335,3.606615083,3.425445652,3.38137148,3.263547936
198,5.044124619,3.653149218,3.453822602,3.34833838,3.165877328
199,4.883819797,3.565127863,3.533115509,3.33251481,3.238987393
200,5.040952476,3.640234436,3.352788813,3.436115159,3.253221511
201,5.047367843,3.662866996,3.507672529,3.189824307,3.194558408
202,5.338179717,3.776794047,3.516312523,3.276181862,3.231224853
203,5.134633655,3.598824314,3.222343512,3.364590669,3.278516019
204,5.033703209,3.597613663,3.418730726,3.161522981,3.235947757
205,5.040033522,3.620603787,3.454222803,3.533669721,3.164458439
206,5.038716312,3.520918127,3.449316807,3.360070119,3.19749145
207,4.972057434,3.486181176,3.422322283,3.327865633,3.205848382
208,4.946512664,3.308483421,3.367021468,3.392289512,3.148572676
209,4.841612695,3.793382273,3.524749643,3.335563786,3.308260349
210,4.953482702,3.688473133,3.344426449,3.345469169,3.16482407
211,4.715517172,3.541586803,3.508020816,3.327421315,3.336351389
212,4.928023032,3.728147985,3.463102678,3.300762564,3.246688832
213,4.924739587,3.632626359,3.486239339,3.368271524,3.213782474
214,4.869517682,3.516233224,3.340312217,3.291383781,3.197780331
215,5.084179179,3.598255803,3.398097491,3.299552154,3.286920065
216,5.037445443,3.565172645,3.508227562,3.337947306,3.179103337
217,4.919544789,3.651277856,3.453222409,3.111247818,3.270015424
218,5.00053875,3.673600867,3.506734168,3.254922558,3.27104113
219,4.822428949,3.530727781,3.45226659,3.355791895,3.310009212
220,5.106532398,3.659661269,3.589544737,3.155358066,3.166550825
221,5.371385571,3.694807714,3.48252892,3.407870741,3.177157632
222,5.013946622,3.580267131,3.352199571,3.190348665,3.316829279
223,5.230564091,3.715350189,3.440352626,3.436630855,3.142145828
224,5.029218474,3.592270568,3.497158618,3.34662061,3.208747902
225,4.922745996,3.55705732,3.29046966,3.391309904,3.422206562
226,5.209123636,3.551424082,3.401439939,3.094022272,3.065730001
227,4.976561164,3.758871014,3.524831433,3.349816874,3.216034672
228,5.366996482,3.726848187,3.371490275,3.348401565,3.220717008
229,5.247877687,3.654210858,3.448495118,3.253632693,3.214478387
230,5.092343095,3.65543703,3.473556349,3.290965114,3.407808683
231,5.206882803,3.55844662,3.411072295,3.261983812,3.211140819
232,5.006904873,3.619175145,3.389416486,3.419665364,3.266743199
233,5.378094084,3.644948046,3.360328649,3.264841573,3.35306041
234,5.178625905,3.554995226,3.477913739,3.355923401,3.19363061
235,5.237949479,3.5100842,3.441858908,3.272213141,3.268458284
236,5.231659108,3.711533697,3.600695622,3.364907663,3.293887867
237,5.267915472,3.706629231,3.42455876,3.305637959,3.268210761
238,4.789167681,3.57739906,3.340094092,3.376675793,3.192798471
239,5.157303502,3.540632753,3.48188061,3.447178555,3.118478238
240,4.645378864,3.587376899,3.439007513,3.305847933,3.366330292
241,4.868418154,3.531079514,3.348166121,3.393456698,3.121268798
242,4.959523731,3.663778812,3.574530049,3.306466882,3.30491013
243,4.816283264,3.460103351,3.470233533,3.607002453,3.107755776
244,5.18155403,3.743519284,3.412092886,3.427868974,3.301243631
245,5.067537691,3.634412515,3.542809991,3.474029033,3.192924893
246,5.28908062,3.634814696,3.465196501,3.379589858,3.269722768
247,5.146046863,3.629338379,3.371887039,3.419549518,3.268400439
248,5.073508798,3.683988227,3.429953588,3.295363105,3.266870365
249,5.077618363,3.659265974,3.526379897,3.335158067,3.164318665
250,5.081591282,3.657416065,3.421139691,3.359834134,3.204218697
251,5.047918822,3.778616785,3.455391495,3.504481545,3.314708817
252,5.121731088,3.641983509,3.244267086,3.312158174,3.14430093
253,5.010983275,3.549638548,3.33166076,3.337353372,3.202803831
254,5.258774831,3.612019134,3.352612398,3.475762763,3.323839552
255,5.304323484,3.763983592,3.451194252,3.243390874,3.3034109
256,5.070011696,3.478965697,3.439980814,3.379454282,3.239710208
257,5.202851898,3.509840466,3.383298731,3.269470274,3.320392168
258,5.137707665,3.676238949,3.523250014,3.328874793,3.297397307
259,5.190558392,3.579805279,3.445705497,3.305913527,3.244270093
260,5.319738093,3.732377357,3.463720531,3.466130779,3.327220924
261,5.102171043,3.631373667,3.542347505,3.291816736,3.438216801
262,5.127872799,3.590986301,3.356956438,3.31488432,3.236177755
263,4.789961113,3.696901014,3.477963798,3.450363344,3.355382621
264,5.028243936,3.573660574,3.439109533,3.466949183,3.215901756
265,5.210010164,3.564941492,3.418381318,3.439850572,3.155407359
266,5.186000469,3.734128041,3.493588321,3.368937625,3.208649574
267,5.135313092,3.509913965,3.259825597,3.239052702,3.394672512
268,5.081779314,3.695101135,3.48400412,3.263068553,3.379114472
269,5.447581746,3.745466072,3.525561039,3.259610333,3.307864746
270,4.932956664,3.64302389,3.505518377,3.350510171,3.245663013
271,4.902053441,3.588730005,3.415447029,3.392262338,3.359170469
272,5.11775587,3.80999669,3.439285067,3.521894134,3.253366945
273,5.189786145,3.736607581,3.4431331,3.503278634,3.210922049
274,5.482247471,3.727655722,3.464986511,3.218714038,3.307979588
275,5.037704393,3.65369296,3.460483993,3.245300411,3.296370917
276,5.212152905,3.50983156,3.399312809,3.405794266,3.342807007
277,5.233725127,3.729905135,3.55212544,3.497996047,3.328898838
278,5.158911708,3.761162255,3.534014529,3.397706326,3.286902288
279,5.191307314,3.676234859,3.244899333,3.463855873,3.301630427
280,5.102937633,3.646321118,3.374318954,3.357515927,3.397735403
281,5.230211073,3.502163326,3.374872828,3.366418704,3.292485366
282,5.173533541,3.650070834,3.649560045,3.526291985,3.386377346
283,5.191232504,3.506938868,3.447733159,3.440869503,3.29969174
284,5.132526244,3.739151077,3.395245284,3.314149874,3.197695229
285,5.012027044,3.780206609,3.495434789,3.3969359,3.211893487
286,4.97524552,3.574967239,3.448223846,3.522798381,3.429936038
287,5.210958657,3.659009205,3.460632318,3.323096179,3.245987124
288,5.161821765,3.675493068,3.419357337,3.426474564,3.331718548
289,4.88672972,3.726463448,3.510556303,3.455478815,3.297807984
290,5.189887168,3.681888025,3.567179779,3.519186148,3.394309018
291,5.064544021,3.784669713,3.541574307,3.48461448,3.331923499
292,5.066131237,3.685375172,3.48033349,3.355774434,3.155658506
293,5.2058197,3.536090091,3.510126782,3.236880017,3.304791384
294,5.070161106,3.75301554,3.400867164,3.38544434,3.405002536
295,4.861899015,3.614633766,3.279405175,3.348059943,3.272970938
296,5.164331683,3.688314595,3.485355243,3.472795791,3.191217775
297,5.046686536,3.711665267,3.374716724,3.615667726,3.293970202
298,5.173532875,3.791612544,3.375659006,3.40235064,3.397857732
299,5.066282263,3.688543082,3.501299916,3.345563663,3.304336376
300,5.045469512,3.677213111,3.637908463,3.421552346,3.312020962
301,5.138596374,3.781835979,3.347076495,3.354844765,3.185651442
302,5.232609021,3.8601986,3.510575943,3.34208829,3.406056407
303,5.48243888,3.635797047,3.638666099,3.280955754,3.293008082
304,4.959399411,3.556378687,3.440446311,3.294118388,3.09426272
305,5.138287366,3.734768848,3.540125963,3.436560677,3.329827664
306,5.162736695,3.716531033,3.231521348,3.214398656,3.217707106
307,5.567706904,3.945026204,3.3667983,3.343466938,3.253178126
308,5.214841165,3.668113782,3.413644035,3.315498382,3.415994983
309,5.125808517,3.674520862,3.42932011,3.486274392,3.185670047
310,5.201333898,3.753846868,3.434172273,3.34698988,3.249446733
311,5.109728125,3.744962781,3.511639575,3.425445167,3.306550514
312,5.217204252,3.832068401,3.59616878,3.441068383,3.407895729
313,5.371065094,3.618935039,3.433270631,3.490476755,3.379130276
314,4.926614891,3.49959455,3.518577516,3.369989974,3.368881042
315,5.014739957,3.613503568,3.470848463,3.309549253,3.342730685
316,4.885529861,3.662487262,3.449709433,3.321257478,3.302686684
317,5.179729784,3.676636688,3.42563484,3.358859806,3.262173814
318,5.312956294,3.773513919,3.525430564,3.379327431,3.334488894
319,5.314037145,3.624127848,3.569957099,3.203639922,3.207655371
320,5.206916915,3.690083139,3.512208037,3.430256147,3.1891966
321,5.187412482,3.625340653,3.443595902,3.273634167,3.37121871
322,5.151853736,3.847377561,3.44142116,3.421156781,3.427100118
323,5.15730507,3.631790832,3.525042086,3.542933914,3.289870678
324,5.211343729,3.506017402,3.610884897,3.446264092,3.207123754
325,5.398205619,3.668487831,3.4129465,3.520261366,3.396981873
326,5.31411095,3.733547949,3.443735013,3.314818418,3.38053835
327,5.030868195,3.691128973,3.332714075,3.388700066,3.267876181
328,5.243066643,3.597157848,3.494918285,3.44108375,3.430194748
329,5.531680957,3.592841326,3.451571437,3.407508101,3.188806612
330,5.395758695,3.57257114,3.524932931,3.387185968,3.205386107
331,5.203047896,3.894283003,3.466059414,3.268150574,3.343553542
332,5.074702464,3.754489792,3.527734661,3.374742711,3.298942058
333,5.375709425,3.66789571,3.502878796,3.521667032,3.307719466
334,5.191912569,3.805547458,3.484651079,3.307712698,3.335503546
335,5.217067117,3.723445997,3.550374572,3.272044176,3.321094033
336,5.138331611,3.516920679,3.463950822,3.474709051,3.251618459
337,5.292931031,3.626606808,3.514460838,3.297226488,3.363977399
338,5.192330267,3.629506162,3.594357722,3.488039374,3.302789664
339,5.593899608,3.768972937,3.641415907,3.347435553,3.218678348
340,5.121660559,3.698283296,3.517050762,3.418774846,3.285134407
341,5.272861101,3.510977904,3.364774335,3.331883396,3.202885866
342,5.042715289,3.701719798,3.494286628,3.338852358,3.289595034
343,5.516624757,3.602281531,3.528499154,3.365081324,3.38732825
344,5.310951644,3.657612928,3.593063363,3.443077627,3.282472622
345,5.179662771,3.667027066,3.391326152,3.579065753,3.347333605
346,5.027486301,3.586558128,3.43116676,3.375800243,3.293449777
347,5.293082097,3.858514332,3.491025461,3.346875549,3.302451958
348,5.633270679,3.752169742,3.438324736,3.365922478,3.324380188
349,5.073574441,3.584632124,3.548827633,3.426387058,3.363850706
350,5.297224738,3.570520604,3.495937698,3.437831882,3.261994775
351,5.383499966,3.683980731,3.382920854,3.475975033,3.144177045
352,5.02529191,3.742849828,3.443172266,3.395374418,3.271688222
353,5.348614632,3.832600234,3.504477843,3.376796008,3.226245057
354,5.212364155,3.59765818,3.5431767,3.369097966,3.287666751
355,5.316680526,3.548735308,3.671601143,3.409768261,3.257990806
356,5.256753816,3.565892433,3.675382931,3.485537087,3.217412524
357,5.344254758,3.660108257,3.449910736,3.324505649,3.107480506
358,5.38879974,3.713445995,3.516205918,3.564825266,3.289404385
359,5.181932209,3.694674837,3.440943148,3.416018275,3.421330316
360,5.09711884,3.720990106,3.613676482,3.534518875,3.31775332
361,5.410437521,3.568709339,3.414152478,3.339000397,3.201311176
362,5.506365193,3.711490244,3.672160762,3.345446506,3.151729201
363,5.136104477,3.742549243,3.442368297,3.494356896,3.151891544
364,4.958640239,3.616791984,3.483148566,3.301521723,3.318931171
365,5.354578295,3.694274612,3.515078064,3.440736266,3.382194567
366,5.336926969,3.650925478,3.464725735,3.34989118,3.284602224
367,5.303451192,3.478831314,3.453427432,3.413569174,3.364139946
368,5.04989011,3.662311755,3.417748857,3.214849989,3.369969444
369,5.054049422,3.763097515,3.342700338,3.324682638,3.385331261
370,5.48514401,3.813082261,3.496786459,3.450485562,3.249123038
371,5.222144077,3.650036895,3.612885413,3.324434854,3.407435143
372,5.317100638,3.614375071,3.516329192,3.397093652,3.463331007
373,5.278562053,3.743655978,3.537267403,3.425538393,3.4456172
374,5.400749805,3.543496824,3.603907167,3.560883857,3.327566007
375,5.25646265,3.660720361,3.427822701,3.316000636,3.324800544
376,5.416523392,3.766112102,3.536457044,3.169284079,3.320643687
377,5.137760585,3.637427686,3.455958341,3.537471855,3.351305745
378,5.220707317,3.507996408,3.548727835,3.253437013,3.290038
379,5.361194423,3.665482194,3.51285405,3.291508875,3.175852623
380,5.107740929,3.865781798,3.467087915,3.383102283,3.216810156
381,5.228179924,3.674277282,3.463756217,3.505919432,3.365074299
382,5.531805259,3.559120522,3.451715461,3.348751291,3.26884184
383,5.30592672,3.705115646,3.507404232,3.350661412,3.324786574
384,5.33935468,3.787067699,3.581402935,3.346252758,3.446245978
385,5.168457299,3.585792516,3.439857464,3.394985976,3.290831566
386,5.27472127,3.616098621,3.361211962,3.442851099,3.231331409
387,5.206623514,3.494535286,3.50186995,3.41301631,3.298729456
388,5.042088336,3.82033858,3.674156945,3.401427347,3.321374837
389,5.306805592,3.639620652,3.395706285,3.459114699,3.324389502
390,5.358863456,3.540814688,3.420401647,3.356857048,3.345369642
391,5.304070202,3.809503871,3.431947136,3.414050426,3.170729468
392,5.204993272,3.85900375,3.557219563,3.347122821,3.290261092
393,5.084149628,3.829857881,3.495959238,3.335311276,3.501429453
394,5.080222851,3.740210019,3.443887241,3.505386744,3.335051759
395,5.532814783,3.686547519,3.594675123,3.333860288,3.35290375
396,5.373076464,3.85319467,3.491951594,3.423527059,3.167850856
397,5.224290608,3.516353989,3.527950642,3.385952906,3.295044539
398,5.213830872,3.900585878,3.658501246,3.47518241,3.368913316
399,5.31688428,3.608959424,3.431686021,3.451070263,3.17840622
400,5.326074015,3.671573475,3.453475686,3.500031992,3.228954984
401,5.16240759,3.880220098,3.450541452,3.476155922,3.256353122
402,5.231663028,3.719591878,3.511350836,3.437111523,3.298969831
403,5.216898373,3.752872286,3.494860954,3.31346995,3.383900558
404,5.296339155,3.557803073,3.553019391,3.291504008,2.949332387
405,5.219457533,3.67083147,3.452880018,3.289527756,3.118221902
406,5.312444551,3.805521895,3.396333677,3.473051552,3.279622528
407,5.000787025,3.665448814,3.551629291,3.468576358,3.392895698
408,4.978216758,3.725775118,3.496095078,3.284654712,3.347420314
409,5.398967905,3.809142732,3.436260858,3.391927173,3.351224067
410,5.201073787,3.558143608,3.675545352,3.440806401,3.311709008
411,5.067664397,3.748603732,3.550758037,3.318025794,3.240137967
412,5.387035242,3.727426714,3.546164483,3.314409322,3.131364377
413,5.097002524,3.688336712,3.403509471,3.503865626,3.477812231
414,5.378157621,3.650778539,3.382545663,3.382973225,3.326151353
415,5.19197412,3.715313963,3.415023455,3.393505527,3.172568722
416,4.986150274,3.604946542,3.517382508,3.446985091,3.342012329
417,5.168967398,3.666377845,3.548651321,3.42513215,3.427165652
418,5.056552392,3.688366746,3.499220587,3.275957116,3.396059212
419,5.146982609,3.628847542,3.530328127,3.493076831,3.30348969
420,5.336921502,3.610542293,3.556099939,3.508748727,3.341329478
421,5.291024345,3.846908902,3.530459241,3.451306939,3.551722913
422,5.265807602,3.801649882,3.375159669,3.43688072,3.314995335
423,5.241100337,3.754828909,3.426935227,3.274919959,3.47634177
424,5.319597353,3.599824404,3.470333075,3.341004059,3.337306261
425,5.068120541,3.691838597,3.563821439,3.353981814,3.333231741
426,5.259404552,3.609331625,3.410661203,3.285106193,3.490160858
427,5.39980603,3.594864463,3.567739041,3.426015757,3.34128977
428,4.879251127,3.647524716,3.455847998,3.447369011,3.310179899
429,5.260865445,3.794034814,3.386787038,3.416651872,3.173339118
430,5.189382876,3.835596993,3.494273372,3.274597929,3.333154369
431,5.147458765,3.647824232,3.614545282,3.534980067,3.360747492
432,5.002950303,3.59022038,3.380830527,3.304424165,3.258587689
433,4.892602482,3.743848278,3.447687228,3.316705257,3.161300122
434,5.068238261,3.772460483,3.491153111,3.410761977,3.145672146
435,5.371169291,3.690623759,3.353741059,3.483368918,3.350392018
436,5.506292132,3.727747186,3.501681677,3.476744257,3.239078147
437,5.312960686,3.827435781,3.445213593,3.452293654,3.380383314
438,5.214925707,3.726639742,3.629001654,3.432671683,3.304654783
439,5.201527958,3.786786938,3.476706734,3.437743426,3.469872936
440,5.518019779,3.761256183,3.517355168,3.322470894,3.500158169
441,5.407720147,3.719315411,3.622450413,3.513967203,3.24259671
442,5.220465317,3.777537132,3.471416074,3.392055689,3.413487501
443,5.116876324,3.703307112,3.520805585,3.402957739,3.362388523
444,5.212689881,3.619903258,3.526244705,3.512921464,3.405280846
445,5.154154758,3.613003879,3.415664145,3.318239219,3.432008073
446,5.181809352,3.71492004,3.662041547,3.530130668,3.238000923
447,5.156498926,3.705848606,3.499574836,3.459022589,3.393080398
448,5.196834217,3.66454648,3.582549954,3.407920224,3.402538219
449,5.367881416,3.81026504,3.505236177,3.417967423,3.442716657
450,5.322175766,3.814426483,3.493782749,3.596545368,3.275066417
451,5.104226191,3.769030354,3.469731575,3.298843159,3.320570172
452,5.280349694,3.703938692,3.448519784,3.473750343,3.286354067
453,5.37497751,3.887212928,3.498760858,3.490455756,3.330326868
454,5.223414317,3.729996846,3.597526488,3.352697732,3.352369049
455,5.173774239,3.659347165,3.426295655,3.320888844,3.238670007
456,5.227485009,3.589631935,3.500359566,3.340066346,3.183878832
457,5.370001881,3.783953936,3.507873299,3.383998852,3.3755197
458,5.196431158,3.626527663,3.510101627,3.244186588,3.2107805
459,5.286581274,3.679506268,3.471933977,3.517176021,3.463543041
460,5.333503046,3.425861153,3.536839016,3.35934184,3.374246394
461,5.27200213,3.592575504,3.416631162,3.570244584,3.420898941
462,5.527563191,3.630551013,3.487467703,3.428667973,3.351403225
463,5.193619331,3.698918592,3.46622594,3.303790201,3.278058955
464,5.383326991,3.72534097,3.605223224,3.505339133,3.458335549
465,5.231289037,3.665047762,3.551310848,3.611949786,3.380545955
466,5.10214917,3.684681087,3.514894981,3.422827983,3.22298194
467,4.994825383,3.670749977,3.568191669,3.380695219,3.308110975
468,4.979693601,3.586351289,3.458029171,3.30230185,3.341879175
469,5.548829458,3.658952289,3.571461419,3.425865268,3.394961362
470,5.450129136,3.572101513,3.590217622,3.383320762,3.190212088
471,5.345699702,3.670202503,3.468719132,3.476303477,3.441705243
472,5.444293388,3.824246311,3.653788576,3.480485654,3.311986882
473,5.154693766,3.633833226,3.36341942,3.365246122,3.261343769
474,5.058491403,3.533820889,3.43760051,3.389934916,3.323173843
475,5.309466494,3.581552313,3.642892268,3.650566746,3.332314466
476,4.984850275,3.740476614,3.453935171,3.286211014,3.201688628
477,5.233458806,3.683843844,3.485633321,3.399024093,3.493085411
478,5.388228387,3.841738622,3.527741331,3.216122944,3.23915118
479,5.096944643,3.614557866,3.484947116,3.370844169,3.397240957
480,5.150941046,3.744757592,3.483977436,3.413093685,3.212525127
481,5.152290366,3.721536287,3.512381344,3.46678618,3.360588365
482,5.266727461,3.685685694,3.609886022,3.54949373,3.487535535
483,5.352147301,3.785176936,3.56997884,3.402108249,3.342558315
484,5.220514042,3.53673479,3.47364002,3.327535511,3.265609016
485,5.085305902,3.842490814,3.549892989,3.364857924,3.250846744
486,5.16949586,3.958834587,3.51652249,3.359348604,3.464889878
487,5.30091993,3.698527787,3.379636141,3.454169976,3.245706922
488,5.301443367,3.7240651,3.372146893,3.560114977,3.351836848
489,5.511516234,3.749762459,3.75677964,3.535592246,3.229320234
490,5.338373242,3.749963048,3.603353673,3.439121738,3.247129818
491,5.34499242,3.585443278,3.434543059,3.377661839,3.437816656
492,5.217164228,3.65633638,3.541806638,3.537689312,3.359898787
493,5.147051358,3.652867819,3.514711838,3.343823159,3.314590179
494,5.311946324,3.508191462,3.462756595,3.268019303,3.383615888
495,5.304222108,3.724566001,3.477919221,3.306138406,3.379504892
496,5.077087311,3.752851372,3.612802871,3.413029082,3.412872714
497,5.285221701,3.860547763,3.607209381,3.613753424,3.301246516
498,5.279158246,4.022575866,3.482974749,3.419563882,3.318402748
499,5.119681127,3.617133494,3.53675807,3.403384151,3.247265668
500,5.424038534,3.948692828,3.581402013,3.372038576,3.280450397
501,5.386293268,3.622003455,3.627707828,3.404784219,3.268912718
502,5.460133784,3.791728405,3.67317128,3.346026564,3.361104332
503,5.279344962,3.612199566,3.494035646,3.47666803,3.422905623
504,5.352585923,3.702688119,3.325890408,3.372107073,3.27058554
505,5.185154051,3.915043952,3.49982948,3.566001692,3.468827274
506,5.021766337,3.667947842,3.454054559,3.614992835,3.214276405
507,5.129368597,3.74035111,3.414930106,3.552591714,3.205176064
508,5.174850061,3.721342535,3.613179732,3.422723797,3.37580145
509,5.28660737,3.622228504,3.525243815,3.406377339,3.395713663
510,5.408664782,3.62947981,3.499282474,3.38838997,3.450845385
511,4.960640787,3.563038325,3.541652064,3.475711433,3.36361987
512,5.278543048,3.688007239,3.55357679,3.548150194,3.258655058
513,5.219443692,3.747748571,3.487895408,3.434252573,3.31994589
514,5.293321152,3.708431525,3.500385664,3.485888888,3.437482556
515,5.5837299,3.705586001,3.503502546,3.344988013,3.410531902
516,5.003038089,3.711634463,3.484587251,3.474907899,3.56907726
517,5.349593643,3.679310768,3.499568108,3.519458262,3.25237495
518,5.131658722,3.766758121,3.632478996,3.535745334,3.338829048
519,5.157233639,3.837922829,3.58816291,3.623019872,3.311097036
520,4.972049436,3.799501825,3.578203842,3.438268309,3.251824121
521,5.074025547,3.763800245,3.411045699,3.421281326,3.338368328
522,5.193013599,3.611707911,3.567927628,3.355094636,3.383825185
523,5.439672846,3.893081685,3.518561085,3.42695274,3.329407063
524,5.337905937,3.722958342,3.498089161,3.584418613,3.289323627
525,5.388264677,3.70874496,3.510801471,3.366712157,3.375791942
526,5.170770413,4.04464949,3.421895482,3.509923564,3.313828035
527,5.035898875,3.699988161,3.48662046,3.574883045,3.404732101
528,5.352940937,3.749639882,3.588721971,3.515362839,3.279674232
529,5.475464776,3.714838751,3.627852621,3.508126048,3.308438389
530,5.535466825,3.742657822,3.772837155,3.372833992,3.183343842
531,5.406658735,3.723248219,3.486938132,3.357283367,3.332280938
532,5.077979024,3.634396249,3.610915168,3.429740647,3.232485698
533,5.392235132,3.761636969,3.55630911,3.459698087,3.473371215
534,5.208126808,3.869609026,3.326437636,3.640907558,3.274141608
535,4.957166646,3.610998474,3.54841768,3.480399892,3.406753085
536,5.470666374,3.669042573,3.49469421,3.462723865,3.27278539
537,5.07099251,3.580840067,3.597748089,3.503884308,3.256728401
538,5.337968149,3.75377547,3.634143804,3.636091211,3.40825001
539,5.285792692,3.736148552,3.523883572,3.533050917,3.394277223
540,5.234311665,3.661984854,3.75601436,3.474118942,3.296899243
541,5.225361761,3.551625519,3.534971123,3.143532442,3.400386064
542,5.370654251,3.646365531,3.534281635,3.372091027,3.327585846
543,5.40462888,3.754046104,3.565089035,3.445096721,3.213752722
544,5.205264689,3.833523637,3.697553883,3.447428158,3.362408685
545,5.23161941,3.742603644,3.483334586,3.41826563,3.359862856
546,5.510931111,3.86697171,3.626407751,3.554337175,3.23874471
547,5.380614814,3.794809471,3.499503623,3.487464652,3.398362596
548,5.462767508,3.648308859,3.498871992,3.304742048,3.385671256
549,5.213915939,3.694994124,3.432657041,3.369470741,3.412578516
550,5.352463944,3.677297357,3.579664749,3.653295457,3.398952171
551,5.145346833,3.697330164,3.512317581,3.284774349,3.450690122
552,5.141815619,3.691883738,3.363789328,3.311790149,3.234675632
553,5.405060151,3.801446714,3.458544339,3.543924324,3.27398625
554,5.311710139,3.683836854,3.518892797,3.39860525,3.355946958
555,5.26518583,3.692680336,3.507210459,3.51258448,3.381675542
556,5.404200931,3.584345711,3.486295729,3.383005589,3.425216816
557,5.57272497,3.857586698,3.641875616,3.34640329,3.461841388
558,5.281764439,3.887885685,3.394825483,3.331669266,3.420355476
559,5.608323278,3.816155636,3.390948528,3.336784974,3.421157651
560,5.290747683,3.69542792,3.486908325,3.324093158,3.364193425
561,5.197382187,3.767069244,3.627174553,3.22798186,3.489126671
562,5.452536776,3.629902634,3.494147264,3.380936152,3.46141479
563,5.087080673,3.747277107,3.327872422,3.495204561,3.404710897
564,5.3449714,3.729458372,3.643624874,3.529895056,3.19045668
565,5.394594516,3.692174111,3.523835425,3.47689842,3.326109266
566,5.136079991,3.687613115,3.453646572,3.344010605,3.48649004
567,5.477485705,3.851302742,3.541866726,3.469370864,3.311618284
568,5.116561649,3.632235788,3.481805867,3.445263459,3.225049855
569,5.055619293,3.690643291,3.612722699,3.334343825,3.391119653
570,5.066567611,3.748007985,3.426452014,3.474448871,3.236949134
571,5.345981891,3.834075521,3.473698081,3.58952267,3.414067437
572,5.397311546,3.621785049,3.496952257,3.469714326,3.363909652
573,5.457220478,3.619403635,3.339505801,3.309403349,3.294272654
574,5.157448064,3.767765378,3.527872265,3.394138106,3.255301345
575,5.509330326,3.546504547,3.643263986,3.564097627,3.383295811
576,5.412844165,3.812775581,3.577539987,3.369403894,3.357415772
577,5.263121547,3.760342705,3.584295887,3.468398235,3.363329089
578,5.314460183,3.796673445,3.584391276,3.511015092,3.465161365
579,5.059093708,3.818413563,3.526737929,3.342292622,3.279276288
580,5.227378231,3.780097445,3.589017776,3.420292291,3.21972617
581,5.135509286,3.621276269,3.65583012,3.463529671,3.292912322
582,5.135320438,3.758061573,3.521211622,3.358992262,3.406274259
583,5.309672974,3.626321648,3.509184008,3.546200098,3.335474478
584,5.365189369,3.83574311,3.47336431,3.580642302,3.690891346
585,5.260886253,3.702378428,3.563872362,3.423626332,3.32120316
586,5.230740791,3.742566315,3.579772853,3.306617434,3.447961884
587,5.267539538,3.652311982,3.481524357,3.401577392,3.350284437
588,5.323868313,3.792679638,3.519839721,3.44817207,3.379933461
589,5.199670255,3.815073945,3.523747205,3.545562402,3.270530458
590,5.305500802,3.683220425,3.55091707,3.46533757,3.401026782
591,5.474547061,3.903533095,3.527846238,3.531528915,3.537442821
592,5.308220323,3.686098777,3.562472077,3.46344782,3.393333399
593,5.1593203,3.748474621,3.57551482,3.45642047,3.45513949
594,5.331859178,3.741947694,3.542387566,3.413819703,3.409411777
595,5.139094673,3.830792253,3.366373025,3.469122086,3.303979754
596,5.019005092,3.727994576,3.65575198,3.519333794,3.325028957
597,5.311302093,3.595804825,3.5052705,3.553142608,3.408090162
598,5.104855706,3.658322211,3.443804731,3.355985595,3.404196128
599,5.267987497,3.911964538,3.4705492,3.391330651,3.225946224
600,5.185759422,3.811789518,3.415085544,3.388802539,3.229828485
601,5.289615245,3.71042126,3.43725886,3.431563158,3.196555518
602,5.396645599,3.71188117,3.45670233,3.516297629,3.434935963
603,5.323288496,3.733687046,3.467521849,3.432796184,3.442440181
604,5.279132568,3.789662675,3.458460179,3.626361374,3.362483702
605,5.539191063,3.833654042,3.454173733,3.253840542,3.355835764
606,5.557077215,3.72448646,3.587832929,3.353983864,3.441370192
607,5.283005244,3.678616303,3.244883498,3.473140716,3.249026107
608,5.151116638,3.837751833,3.399070553,3.465347623,3.541476654
609,5.202101829,3.807308023,3.744671763,3.410043894,3.358192933
610,5.391136884,3.836538012,3.529609746,3.453982424,3.48524982
611,5.325384924,3.689342859,3.503052687,3.439966624,3.437788529
612,5.182116608,3.788656989,3.578333695,3.494884974,3.255292513
613,5.268772761,3.719825059,3.601104432,3.531327842,3.430798777
614,5.212410624,3.68710164,3.589149821,3.394797474,3.34920647
615,5.078069889,3.668461064,3.550246774,3.292514786,3.258283721
616,5.369947053,3.632046264,3.574411062,3.347257185,3.303427363
617,5.227866719,3.762755198,3.536508124,3.548018033,3.403627497
618,5.308537457,3.874397929,3.534618086,3.321791509,3.443696876
619,5.34691444,3.739799652,3.423526176,3.518478877,3.355109716
620,5.128746048,3.628549748,3.588987978,3.432798888,3.453559183
621,5.453640561,3.820791206,3.410604416,3.301536315,3.243658151
622,5.323770525,3.754690332,3.471164631,3.447823176,3.545499309
623,5.021942255,3.621343238,3.401289234,3.524835115,3.185968357
624,5.401752355,3.724002392,3.510719809,3.429734771,3.130287637
625,5.490375843,3.723043177,3.59444868,3.700452715,3.483025229
626,5.705366783,3.875953767,3.417846724,3.550773304,3.314047571
627,5.383939305,3.863967795,3.469476432,3.51782953,3.28150014
628,5.346710574,3.725645152,3.43533383,3.426275221,3.338434552
629,5.366196654,3.694882594,3.551714154,3.245334513,3.473912773
630,5.431646663,3.552718784,3.34227346,3.534588642,3.353793607
631,5.347467566,3.816370984,3.500292305,3.692235231,3.424341423
632,5.188796702,3.682985525,3.376768232,3.470314264,3.403595051
633,5.428099211,3.677746527,3.423863554,3.463196027,3.431851096
634,5.197376647,3.778766466,3.484769465,3.49434387,3.498429553
635,5.289699366,3.663818386,3.427365798,3.356956036,3.28808043
636,5.502634628,3.711986859,3.507487936,3.449488485,3.483104415
637,5.475966562,3.660349998,3.317823057,3.352206687,3.274448365
638,5.348971246,3.775527494,3.513700662,3.521674487,3.36373523
639,5.490409733,3.73133622,3.486871478,3.360355557,3.24521853
640,5.480210537,3.792739127,3.5647383,3.478292324,3.46091482
641,5.409501996,3.660769865,3.627822702,3.451312837,3.321885479
642,5.016688257,3.823624133,3.442126603,3.246874229,3.512098981
643,5.524658994,3.873256231,3.569644336,3.494027004,3.342449787
644,5.52490544,3.892689015,3.55626961,3.662108694,3.448193306
645,5.236824791,3.695763169,3.616912134,3.433242947,3.40675795
646,5.413555719,3.607563615,3.533989497,3.562657479,3.513074474
647,5.355775882,3.751678469,3.530469254,3.412051862,3.368679904
648,5.198700455,3.566992581,3.630090491,3.545981218,3.268665016
649,5.134812513,3.843451756,3.367148073,3.474611204,3.403096373
650,5.59888938,3.665201927,3.651574309,3.67962533,3.328033007
651,5.573564907,3.547273809,3.441394226,3.461069509,3.419954031
652,5.400940639,3.690758068,3.552335241,3.502289567,3.135375638
653,5.107873301,3.762256098,3.403429503,3.515912591,3.436684284
654,5.149468271,3.722779826,3.453095169,3.499820069,3.461019134
655,5.09514525,3.770459173,3.744769669,3.475124911,3.425816975
656,5.343073419,3.753869565,3.477197484,3.532796826,3.404298616
657,5.059903158,3.749736252,3.519184728,3.174707953,3.470090733
658,4.976119945,3.773027048,3.473734059,3.492747984,3.257520979
659,5.049094336,3.694662499,3.459863611,3.390247053,3.341468848
660,5.464023563,3.687527087,3.650215209,3.478301297,3.499704929
661,5.349459394,3.735087419,3.361060242,3.546684369,3.473215844
662,5.401300809,3.834391951,3.499963048,3.469795473,3.478100397
663,5.014358318,3.732372584,3.736053786,3.449853901,3.314685357
664,5.385472029,3.663800072,3.528692979,3.260389523,3.299611888
665,5.32481358,3.772733767,3.504447095,3.516613508,3.662786277
666,5.295622492,3.69509214,3.58633561,3.430894508,3.339703989
667,5.300215194,3.695027851,3.530463732,3.430753928,3.35850177
668,5.508705636,3.847636189,3.589608166,3.468911371,3.418686863
669,5.259334432,3.686675344,3.527268868,3.341949539,3.247314684
670,5.367537161,3.804279692,3.611699667,3.548035681,3.423420508
671,5.269179995,3.806850387,3.557930368,3.346749419,3.404462547
672,5.306828352,3.863376852,3.316571332,3.384785285,3.421928529
673,5.2498734,3.814279129,3.59062039,3.56916905,3.609605911
674,5.051943179,3.840663863,3.652167119,3.416672883,3.434600826
675,5.244861802,3.821342228,3.481980888,3.541228306,3.303098215
676,5.326104884,3.731167402,3.62198971,3.415444625,3.343998956
677,5.321440925,3.77374748,3.484013381,3.648244931,3.383325579
678,5.229753651,3.806911201,3.7798477,3.526489246,3.610057549
679,5.409748711,3.93021701,3.782060382,3.567533337,3.313850178
680,5.119989298,3.702004319,3.623579814,3.352333081,3.316008659
681,5.447415598,3.653911553,3.576202401,3.526170713,3.409634215
682,5.202222391,3.869170513,3.466741355,3.49013141,3.365703931
683,5.118078171,3.767340733,3.520500423,3.5243834,3.376043215
684,5.357063118,3.758079247,3.487092156,3.583632475,3.406249978
685,5.353904987,3.880562247,3.49249366,3.539886995,3.233249707
686,5.263863248,3.682434082,3.541602771,3.478296702,3.364380192
687,5.332207149,3.821124954,3.315101386,3.487043977,3.289602126
688,5.102937019,3.704198705,3.387325783,3.513590635,3.276075447
689,5.300693404,3.61169627,3.398470887,3.433955793,3.331656024
690,5.296046083,3.837674628,3.560277724,3.591730677,3.488659438
691,5.439180429,3.87640038,3.548344128,3.53961018,3.306046567
692,5.145646361,3.727203299,3.531117032,3.429289486,3.243660357
693,4.989714735,3.728085366,3.48053274,3.475939774,3.343193852
694,5.440350451,3.8101925,3.568984798,3.555781813,3.317887687
695,5.216056718,3.861875194,3.540503953,3.561332987,3.237313288
696,5.531350743,3.804773535,3.597835687,3.391263686,3.479972317
697,5.483897916,3.770270836,3.591749581,3.414769778,3.507304931
698,5.21713677,3.686172373,3.638787456,3.310180568,3.309389379
699,5.315060759,3.694589581,3.480038382,3.551333385,3.353107048
700,5.366025669,3.740524158,3.625205339,3.65473427,3.307976073
701,5.206950658,3.827261322,3.512952612,3.407536232,3.350088509
702,5.256437002,3.787860726,3.506635651,3.482887985,3.329674131
703,5.48883167,3.690528352,3.498296037,3.568751652,3.450911486
704,5.253796849,3.762251139,3.623579663,3.391664175,3.517612293
705,5.440817314,3.794159482,3.618303297,3.325256723,3.319852394
706,5.444441534,3.757906209,3.770769617,3.475645035,3.317720853
707,5.338085421,3.578678543,3.560751043,3.399586161,3.371375864
708,5.330062019,3.70877707,3.489697279,3.320892992,3.399381631
709,5.143230851,3.914767173,3.589056732,3.427710672,3.315000588
710,5.154084244,3.666246623,3.461130971,3.384413093,3.438629489
711,5.293477235,3.528804559,3.51076168,3.380132968,3.289544286
712,5.286792857,3.934438309,3.405487715,3.454755927,3.364307758
713,5.298177306,3.814056856,3.28924616,3.511736767,3.256322678
714,5.432444484,3.848541617,3.625535086,3.455512108,3.380553865
715,5.347058569,3.742544984,3.448770047,3.473484363,3.484219192
716,5.259549249,3.703020845,3.466283985,3.602112116,3.287019508
717,5.451787308,3.749938621,3.588675231,3.580637394,3.282585119
718,5.348771382,3.858016072,3.47114693,3.492808547,3.369906871
719,5.452259895,3.831489719,3.486938831,3.453440842,3.390035059
720,5.481125226,3.805673614,3.666514725,3.428112426,3.516758946
721,5.206101551,3.839409617,3.432806996,3.431285705,3.407963192
722,5.498029645,3.639436699,3.378043923,3.470575625,3.382378821
723,5.124074039,3.641615611,3.392042788,3.273463353,3.471656422
724,5.364156688,3.658911985,3.596263207,3.51701676,3.355681418
725,5.097709148,3.944624879,3.455982191,3.416696981,3.326048029
726,5.501492956,3.682697831,3.474983882,3.588298003,3.407717097
727,5.082100568,3.692562285,3.508926309,3.364635434,3.338181277
728,5.477458281,3.675555045,3.420802316,3.581365931,3.440352683
729,5.270515717,3.882301983,3.447745468,3.445196218,3.180196168
730,5.271017743,3.851719374,3.632194789,3.441990467,3.500317109
731,5.354229266,3.991700391,3.786431413,3.43000359,3.123627881
732,5.340649951,3.743180973,3.423602188,3.589538782,3.357010736
733,5.501938835,3.764006691,3.539117658,3.359584238,3.360311089
734,5.437648182,3.665818955,3.515173313,3.396728688,3.538791381
735,5.188014791,3.654750674,3.556639731,3.353214742,3.278020037
736,5.249817167,3.731353562,3.527598125,3.573554536,3.453015748
737,5.07455157,3.672930822,3.493614719,3.498850792,3.4412553
738,4.94245046,3.760820874,3.49693533,3.555447081,3.466392722
739,5.238061085,3.621402166,3.738308106,3.54984559,3.357607675
740,5.373809915,3.851727892,3.675327057,3.604692752,3.390550115
741,5.34615444,3.756160032,3.671143486,3.495596265,3.452659174
742,5.365960134,3.821859965,3.555539688,3.22312273,3.460749868
743,5.340503391,3.793887496,3.644139697,3.572521131,3.391234265
744,5.515736799,3.742459099,3.437706993,3.399664874,3.592600137
745,5.186359422,3.579449857,3.484120929,3.479504281,3.409219269
746,5.217575184,3.803020389,3.469942636,3.45918667,3.28119758
747,5.312899875,3.630522593,3.632025638,3.428558943,3.334321679
748,4.978681832,3.840428471,3.577671037,3.518714766,3.462739427
749,5.617354805,3.875811451,3.421537182,3.42942734,3.560976958
750,5.434540085,3.693249624,3.475865129,3.462288077,3.258952516
751,5.065477096,3.542374713,3.547499305,3.383674902,3.278467774
752,5.395147079,3.876505341,3.527450615,3.569376874,3.337090172
753,5.467162333,3.563122082,3.533393803,3.477437568,3.386230575
754,5.233420115,3.695878604,3.416610364,3.38885272,3.523120215
755,5.257060569,3.849684445,3.374586447,3.379295005,3.458882867
756,5.427194092,3.983183051,3.516643497,3.539657181,3.428525119
757,5.101526422,3.877270956,3.605716759,3.395710381,3.256947311
758,5.329925135,3.640297432,3.501378699,3.460498069,3.43034542
759,5.385714778,3.902801367,3.706919369,3.360581677,3.365976554
760,5.262952995,3.70439229,3.572493684,3.383847832,3.376936632
761,5.440058733,3.752890784,3.519618133,3.416988677,3.350986643
762,5.447114377,4.00261342,3.456585471,3.527616036,3.29477259
763,5.20568709,3.767348983,3.435049173,3.340786962,3.346299395
764,5.487547054,3.839186416,3.565728606,3.623273864,3.388503625
765,5.501273732,3.717539288,3.424211404,3.458185646,3.387443707
766,5.258980176,3.705999452,3.388297216,3.460698541,3.401309972
767,5.24642489,3.891528524,3.632421145,3.48877358,3.366110273
768,5.186185779,3.796753949,3.43555302,3.472823928,3.351935749
769,5.545431011,3.832126047,3.55380411,3.472226739,3.40997795
770,5.120086887,3.513434551,3.333364555,3.501528754,3.277821445
771,5.562064575,3.910442346,3.400822264,3.506875248,3.499044263
772,5.3617327,3.880226203,3.456899955,3.560876549,3.217796064
773,5.365636063,3.688189896,3.534024228,3.528964635,3.362880771
774,5.192711921,3.804528289,3.378433182,3.428760862,3.489197801
775,5.409942214,3.798566068,3.55119633,3.398772784,3.368547821
776,5.293136514,3.952279714,3.515471208,3.470014296,3.394633334
777,5.32551989,3.716061632,3.468732876,3.507446817,3.489547761
778,5.52617187,3.688406945,3.513851082,3.448987898,3.457382144
779,5.241375236,3.819510376,3.534141183,3.535323907,3.35897788
780,5.294655503,3.640646661,3.419241957,3.421222964,3.480272203
781,5.444595399,3.76591805,3.2844291,3.627298664,3.374234319
782,5.220253384,3.854600569,3.460059076,3.551579083,3.303239683
783,5.593123538,3.727660121,3.444912072,3.394227864,3.442442523
784,5.405401213,3.904207027,3.465649594,3.29864503,3.321159314
785,5.348202473,3.711972854,3.584660715,3.298474064,3.427686354
786,5.360083353,4.083797284,3.651994749,3.457124783,3.452191079
787,5.403957282,3.768846247,3.469098035,3.492512102,3.342806496
788,5.248840036,3.89632538,3.583557075,3.336340613,3.430362713
789,5.057140851,3.802000166,3.555089644,3.395853027,3.347782513
790,5.404292773,3.759398038,3.610276306,3.385360232,3.379257731
791,5.292757965,3.654005769,3.478636679,3.453719961,3.33523971
792,5.211850924,3.66686015,3.554438492,3.324165182,3.413878846
793,5.272177022,3.804052746,3.574024789,3.672070351,3.414387685
794,5.340870388,3.801410083,3.448604251,3.368575377,3.292494069
795,5.518091384,3.702312155,3.515411799,3.41593153,3.383302702
796,5.282606607,3.931967006,3.604857035,3.390237875,3.351533024
797,5.315048451,3.681458005,3.419024822,3.411815662,3.343259979
798,5.421468358,3.798145361,3.409219956,3.539335049,3.347978428
799,5.03789209,3.644727998,3.7062215,3.379072777,3.544738702
800,5.359907032,3.772025026,3.515304929,3.493661241,3.405624073
801,5.191389644,3.690481042,3.646352323,3.589176655,3.493884442
802,5.284320826,3.650378572,3.527503991,3.437714581,3.436030291
803,5.333812648,3.934526606,3.739599611,3.445082495,3.399554705
804,5.128738519,3.583191104,3.556525001,3.464105377,3.338774091
805,5.031205253,3.749760917,3.365785336,3.42527147,3.335725417
806,5.283494016,3.771115507,3.506928732,3.430424832,3.235018301
807,5.287532018,3.883249249,3.35073529,3.539354115,3.201381864
808,5.14121134,3.727901668,3.611559181,3.539684613,3.429514833
809,5.438414147,3.796199596,3.561138844,3.498510976,3.334665166
810,5.530374798,3.700576387,3.606674908,3.48641377,3.456710777
811,5.389192224,3.587329233,3.586970994,3.480844928,3.385004431
812,5.206194201,3.702891427,3.631772582,3.286576037,3.414606684
813,5.272521103,3.759237035,3.51004337,3.322598753,3.32843805
814,5.219083445,3.800547821,3.405563879,3.587822936,3.483826775
815,5.44772812,3.831888605,3.393772616,3.47369164,3.562896963
816,5.359103094,3.636042227,3.454846541,3.561664751,3.519253367
817,4.86592174,3.680719653,3.748878327,3.36299531,3.321637158
818,5.609169052,3.62611391,3.66969745,3.485145612,3.502198079
819,5.173225341,3.603231805,3.683555083,3.390591365,3.476308042
820,5.271090365,3.778324845,3.29212401,3.48974492,3.459346478
821,5.368534014,3.660955276,3.450683249,3.452280786,3.535175177
822,5.373228724,3.650829012,3.551340888,3.533845795,3.423774376
823,5.347482312,3.821247532,3.405699319,3.590515727,3.355693146
824,5.15751657,3.711549058,3.456937646,3.418897892,3.349441225
825,5.282149744,3.797456495,3.573085394,3.442817466,3.267387982
826,5.202186864,3.748770756,3.472339465,3.538169605,3.383586876
827,5.030651652,3.764977165,3.502151513,3.351385117,3.232366092
828,5.607628481,3.775000519,3.626330523,3.381802563,3.321897994
829,5.405160035,3.803206636,3.634902534,3.396002318,3.419081966
830,5.169565732,3.61850012,3.478692365,3.496303585,3.317723038
831,5.41224366,3.737990198,3.696818838,3.48838855,3.611716586
832,5.402734674,3.627386959,3.625518103,3.444523791,3.371444539
833,5.395224986,3.855732316,3.539788154,3.48222983,3.306519434
834,5.004630023,3.841818425,3.36239477,3.356116439,3.43665328
835,5.292894515,3.835463216,3.34534809,3.530442122,3.375104877
836,5.376441992,3.52528588,3.489226053,3.463576506,3.346198832
837,5.349335961,3.824877796,3.378854985,3.468515646,3.394313987
838,5.360752942,3.884405838,3.440894661,3.45362093,3.338371655
839,5.450767892,3.812736953,3.550416326,3.395379517,3.27335214
840,4.951974781,3.782308979,3.57350846,3.530982068,3.360970523
841,5.273837244,3.693097932,3.497184047,3.452051069,3.365426959
842,5.323896772,3.721004442,3.568608797,3.254807017,3.446145811
843,5.411306586,3.627154179,3.544452339,3.454101394,3.514321876
844,5.607887858,3.835968731,3.626949997,3.527383324,3.311245851
845,5.228116328,4.006669763,3.597225436,3.504604255,3.350377511
846,5.585653381,3.527492583,3.498785753,3.536447814,3.339057016
847,5.29012651,3.592294468,3.599565866,3.467783473,3.553485157
848,5.293178758,3.732410007,3.507642551,3.427907433,3.433135788
849,5.396863708,3.85853923,3.485392141,3.539152889,3.3585467
850,5.336368992,3.852959573,3.468833964,3.333416772,3.55497859
851,5.513803841,3.763555979,3.530962286,3.396025928,3.33673311
852,5.308661022,3.722863456,3.599146017,3.435880637,3.359078767
853,5.175329019,3.592973495,3.383229371,3.401715685,3.290769076
854,5.407959109,3.706261553,3.426642009,3.426093626,3.373699932
855,5.333230131,3.823501081,3.674087445,3.528842494,3.310689414
856,5.202362242,3.594793239,3.540875406,3.512252603,3.493277499
857,5.092632997,3.691212929,3.608966641,3.444805201,3.554088582
858,5.62649637,3.949370521,3.472178365,3.453777527,3.330894377
859,5.222879012,3.759831714,3.559438522,3.517442842,3.427899786
860,5.322696825,3.709843999,3.613999667,3.60038935,3.417734297
861,5.408532772,3.808954756,3.442909566,3.47881312,3.342024403
862,5.430209004,3.629072601,3.575511059,3.456999638,3.552332471
863,5.162295023,3.905449967,3.639199084,3.491960951,3.329959491
864,5.563795375,3.865566093,3.561374657,3.508523321,3.233723402
865,5.30028771,3.584779584,3.359131608,3.551927878,3.426240539
866,5.330225985,3.845153165,3.476209565,3.445226787,3.221021476
867,5.24344008,3.718793917,3.321018787,3.396802842,3.31259958
868,5.095970549,3.720280575,3.65688465,3.508514184,3.356239762
869,5.302606095,3.892619741,3.561357646,3.428681471,3.392153375
870,5.464585867,3.661069498,3.534798277,3.4900241,3.29085367
871,5.444547544,3.839156728,3.570498745,3.599107286,3.522741182
872,5.553547524,3.711817579,3.35109559,3.510202795,3.302994458
873,5.292714865,3.723582019,3.594032135,3.481300522,3.405399295
874,5.385579738,3.819988564,3.597158645,3.485124093,3.458705964
875,5.32405277,3.77791897,3.447381162,3.338456585,3.606736461
876,5.131406012,3.837745275,3.51740754,3.306810345,3.457541074
877,5.298948631,3.773738833,3.575652484,3.517978951,3.363732842
878,5.217629172,3.729584898,3.447465945,3.400290608,3.46991896
879,5.305430501,3.801420337,3.594619075,3.492763439,3.342630237
880,5.708977724,3.692931286,3.634428061,3.613226906,3.349969299
881,5.225568083,3.794760091,3.49678939,3.442605458,3.439077847
882,5.11351191,3.795946888,3.765128303,3.407477366,3.27445455
883,5.218520966,3.69118155,3.450969138,3.488604825,3.367128233
884,5.617835019,3.58825707,3.59186847,3.510129486,3.549508217
885,5.432978918,3.758581008,3.56879942,3.500472533,3.402807684
886,5.252012011,3.769156986,3.58654262,3.38252345,3.42047901
887,5.581142091,3.984204534,3.417291251,3.504233098,3.430176622
888,5.3614474,3.725045283,3.554614964,3.519744297,3.493856252
889,5.11619901,3.71798481,3.576390278,3.542182833,3.316616411
890,5.295404812,3.925350845,3.595199832,3.493048539,3.43167887
891,5.502016723,3.751618992,3.649292467,3.515950587,3.309471108
892,5.039037544,3.772629892,3.480154868,3.442226038,3.353348623
893,5.556484855,3.708173222,3.558335127,3.387141455,3.532768784
894,5.407015299,3.798747193,3.585164662,3.545900498,3.418149864
895,5.432456084,3.684937931,3.5000695,3.423740964,3.532421989
896,5.324236181,3.848004167,3.366050021,3.511984955,3.420931544
897,5.194670793,3.775871687,3.599451937,3.45978915,3.358885018
898,5.422643802,3.663858661,3.66725723,3.507460715,3.550761212
899,5.281704293,3.950085537,3.570108954,3.385456987,3.333158281
900,5.082149955,3.764708426,3.72405851,3.596313922,3.449245772
901,5.293963224,3.658569736,3.477195027,3.4261626,3.450103774
902,5.479750643,3.819759708,3.462844126,3.55693979,3.366773264
903,5.330828349,3.652437138,3.540308412,3.406872281,3.449045076
904,5.311638231,3.749288325,3.523461179,3.421877625,3.41296916
905,5.314226404,3.707992362,3.460081652,3.440941916,3.545982651
906,5.480894767,3.77788725,3.485382489,3.448402336,3.438014057
907,5.095415811,3.673755488,3.542662935,3.545511993,3.397406101
908,5.173980917,3.5960127,3.58108684,3.567705601,3.376700929
909,5.248576771,3.801494087,3.54028649,3.624655292,3.300544009
910,5.00685427,3.858183684,3.513696464,3.552129182,3.420261537
911,5.502275393,3.854897973,3.621024678,3.611648503,3.418342197
912,5.379028097,3.63246572,3.464822145,3.556242143,3.447953605
913,5.279340607,3.888353801,3.627647983,3.326569623,3.2859219
914,5.118868608,3.765312171,3.552465892,3.503393868,3.389134603
915,5.141003204,3.920373659,3.465714863,3.410164123,3.367718158
916,5.188585479,3.70202743,3.517683597,3.289393876,3.462902435
917,5.425308751,3.836193454,3.193969537,3.479106146,3.400611254
918,4.98218433,3.763758592,3.491132466,3.439448227,3.337752388
919,5.204634372,3.756115174,3.442581772,3.433059057,3.493512414
920,5.445346419,3.805836509,3.328377547,3.491201263,3.310637973
921,5.43495967,3.849712959,3.492101762,3.501928446,3.463375399
922,5.527193335,3.61750702,3.718507603,3.416721245,3.466805508
923,5.104075272,3.677322866,3.431785865,3.541029264,3.467493254
924,5.298852212,3.857661158,3.781405474,3.54638232,3.377467405
925,5.382852926,3.825569326,3.541401065,3.469680765,3.433334468
926,5.278004332,3.701317694,3.703095971,3.430356479,3.612462459
927,5.082294951,3.727976978,3.593436729,3.459074462,3.530925229
928,5.087440711,3.75369338,3.441082927,3.272004837,3.36940557
929,5.530114806,3.715516238,3.594912163,3.527808466,3.499225735
930,5.478231022,3.598683657,3.53457144,3.346643205,3.436269323
931,5.636871772,4.00282386,3.635314373,3.608965638,3.46295258
932,5.49553211,3.785243836,3.489712333,3.424620813,3.443613549
933,5.121145963,3.877066177,3.656003351,3.407272414,3.47333585
934,5.316970979,3.787320344,3.459457554,3.435679089,3.512168522
935,5.194898985,3.573881804,3.364988466,3.425754514,3.517790135
936,5.277837978,3.786399415,3.445965935,3.299023456,3.411126854
937,5.586884941,3.880992139,3.522723531,3.627340355,3.528376634
938,5.568649437,3.696719762,3.540333473,3.61168153,3.428927814
939,5.605817919,3.890843859,3.687082944,3.54595431,3.542338325
940,5.077002999,3.89615309,3.578351035,3.502616518,3.371417522
941,5.655320088,3.674559006,3.599585581,3.506858876,3.333206701
942,5.251571998,3.723360908,3.542197984,3.543494655,3.531702575
943,5.313204248,3.965900846,3.559846554,3.377651194,3.343681266
944,5.001257644,3.74856488,3.390146263,3.571183437,3.388863739
945,5.283903194,3.816362537,3.492490308,3.568164538,3.315235408
946,5.328276791,3.621529992,3.541698436,3.390264115,3.607205941
947,5.315426311,3.897369045,3.458307678,3.366659063,3.452038049
948,5.111675705,3.778288015,3.561033709,3.548242269,3.420002812
949,5.484778677,3.88631273,3.541906471,3.444116573,3.379411305
950,5.299718622,3.993174003,3.407657873,3.413078094,3.428013687
951,5.015858059,3.813754628,3.693404131,3.568977004,3.503561402
952,5.146183743,3.744588771,3.596481133,3.345498639,3.414854118
953,5.064312891,3.848158056,3.396473831,3.386576994,3.407754109
954,5.609686555,3.832507827,3.452517123,3.512956091,3.26730555
955,5.472199692,3.845517208,3.653574715,3.529611544,3.453659668
956,5.358889607,3.684907779,3.53545513,3.585995348,3.370748857
957,5.511960712,3.778995333,3.525046659,3.611661845,3.410059201
958,5.207432917,3.840898138,3.449546058,3.479327893,3.418196368
959,5.464309165,3.821364316,3.661049172,3.499153576,3.471781649
960,5.268588739,3.804520392,3.484974766,3.3331916,3.274699079
961,5.437099386,3.741525031,3.405070112,3.597271479,3.479348235
962,5.384457415,3.810294128,3.472417771,3.462272558,3.504936695
963,5.402520218,3.96395501,3.598088292,3.534628602,3.31915376
964,5.042044347,3.660137283,3.402889521,3.564222459,3.294001569
965,5.240300157,3.622406636,3.540435438,3.586778112,3.313293036
966,5.266666101,3.750406662,3.473669475,3.359356578,3.3502615
967,5.21024083,3.730423347,3.518341082,3.437800796,3.416129831
968,5.389424668,3.848626286,3.524453295,3.419434144,3.301248477
969,5.202912157,3.609582777,3.700951005,3.541505895,3.471624844
970,5.190258099,3.701944597,3.462059833,3.49803905,3.332466638
971,5.343177905,3.760859046,3.353398493,3.376622182,3.289172071
972,5.449800167,3.829079392,3.406859146,3.463658225,3.308696674
973,5.151384126,3.67319895,3.444655432,3.338123833,3.515082578
974,5.229174678,3.81010403,3.6431641,3.552148303,3.370791468
975,5.289182074,3.833541048,3.586976378,3.365357478,3.465917373
976,5.349389613,3.689937798,3.486310847,3.475111838,3.409206995
977,5.418650946,3.824895419,3.506769984,3.540713529,3.373042098
978,5.485601315,3.862095975,3.563436876,3.464895846,3.303641804
979,5.54353918,3.802569017,3.58115973,3.524732727,3.207573229
980,5.444802494,3.468293617,3.484962646,3.447851487,3.600773391
981,5.427607406,3.7036319,3.368990537,3.475216791,3.377454799
982,5.19075374,3.676876292,3.593843162,3.293703695,3.43205157
983,5.405590611,3.703547834,3.515411134,3.35343607,3.310521371
984,5.549842456,3.81825289,3.766581949,3.531765663,3.35126208
985,5.171648681,3.688178912,3.660156508,3.447173334,3.22181645
986,5.103442134,3.836903351,3.548685933,3.484918143,3.416812899
987,5.143948421,3.599516854,3.607296269,3.660867184,3.497368285
988,5.422042049,3.727704363,3.406773857,3.371313015,3.468262033
989,5.287593201,3.739861111,3.436813392,3.58158285,3.377706708
990,5.191390702,3.792247918,3.422666431,3.502100922,3.338564627
991,5.194108817,3.737909074,3.431673241,3.505147149,3.523912817
992,5.483066101,3.8599732,3.602185628,3.33144335,3.312025389
993,5.313674071,3.734475936,3.468736791,3.470478284,3.440445991
994,5.18936714,3.778383678,3.602834413,3.434898223,3.245006748
995,5.562965861,3.741192007,3.4922265,3.590664603,3.426622847
996,5.274530391,3.791840254,3.486384144,3.44481585,3.388993102
997,5.374564154,3.813980157,3.653142114,3.469638375,3.439670421
998,5.483234721,3.72971726,3.445634045,3.564490317,3.419145241
999,5.371245654,3.782171835,3.528849561,3.288174046,3.334730278
