Step,900,850,800,750,700
0,-1.90504E-05,-6.00226E-05,-0.000113162,-0.000189342,-0.000153622
1,2.251972642,2.465572095,2.022181651,2.387144715,2.403415551
2,2.787502795,3.001339808,2.531503991,2.689198104,2.890326241
3,3.291711939,3.265149485,2.825529913,2.955504963,3.202320725
4,3.534679349,3.519094076,2.995334683,3.171668369,3.228231959
5,3.735254281,3.605742531,3.157550772,3.355016584,3.294558264
6,3.675796396,3.686221211,3.212812703,3.357453428,3.447515286
7,3.983591319,3.826342925,3.308153187,3.488939995,3.533745311
8,4.195278357,3.973405703,3.424799955,3.553273118,3.53595364
9,4.165889519,3.897906757,3.486529881,3.597513413,3.522727538
10,4.197584796,3.933631704,3.504983782,3.62658988,3.574653441
11,4.275196509,3.985642074,3.544068543,3.630061972,3.623314188
12,4.330361415,4.010123243,3.533681366,3.6439853,3.669650916
13,4.395183841,4.058324567,3.602776895,3.684029702,3.674160617
14,4.460190573,4.06415098,3.61023186,3.75354047,3.696507832
15,4.496194344,4.074242812,3.64078666,3.789962269,3.674491172
16,4.554862731,4.129820775,3.649954266,3.808540403,3.676640865
17,4.601764883,4.130843164,3.684901842,3.824928869,3.656970816
18,4.594541978,4.14261114,3.818049671,3.800172375,3.663163385
19,4.604943409,4.13549662,3.811810677,3.82004323,3.664710279
20,4.599958058,4.174144044,3.816427123,3.828696266,3.684660496
21,4.639377226,4.207885579,3.820020152,3.841507385,3.710125995
22,4.689076322,4.200998187,3.811423815,3.920488897,3.733890229
23,4.723284095,4.212757491,3.825366191,3.914296401,3.776641682
24,4.675769866,4.243825053,3.855164344,3.905250323,3.795457691
25,4.676817818,4.249183557,3.888511157,3.90395937,3.792481097
26,4.713537033,4.240257637,3.945566435,3.937885838,3.804057949
27,4.744977143,4.249825029,3.989231177,3.967916403,3.796164828
28,4.779101245,4.270912575,3.993094877,3.983415081,3.799098964
29,4.836808983,4.27535749,4.001927408,3.983699579,3.801591349
30,4.897783388,4.256343427,4.000857057,3.996005891,3.807723095
31,4.97392218,4.237815688,3.999337071,4.00062026,3.820242139
32,5.00847684,4.227382852,4.000629435,4.005586574,3.848428415
33,5.061747785,4.228240929,4.020395124,4.000754316,3.865643195
34,5.079689174,4.252883832,4.036612744,4.01191586,3.863460105
35,5.084965489,4.30025121,4.055814475,4.026826306,3.87132229
36,5.096989452,4.33930849,4.073058688,4.035496595,3.867661171
37,5.09555681,4.365394538,4.085001575,4.039164259,3.862562719
38,5.098720767,4.389325385,4.097416281,4.041050193,3.864962277
39,5.12235418,4.408459998,4.096961695,4.058944819,3.871387702
40,5.140953847,4.423143958,4.095514634,4.06059625,3.87919797
41,5.139497564,4.408938209,4.090625649,4.052989038,3.896438336
42,5.145220537,4.39789455,4.086920642,4.037495161,3.912219352
43,5.159505385,4.407344254,4.09447813,4.03030639,3.933212645
44,5.167994006,4.414329473,4.104414424,4.041931791,3.938724249
45,5.182203348,4.410092507,4.095326277,4.055266869,3.935959141
46,5.198065396,4.416141679,4.093605826,4.068876241,3.944441529
47,5.213283775,4.415980556,4.093335174,4.066426686,3.950637133
48,5.23593953,4.413477566,4.093576387,4.06315149,3.955368846
49,5.272748971,4.413019146,4.102630576,4.063430814,3.974593018
50,5.282791744,4.401819941,4.100744064,4.059122372,3.989721231
51,5.301105132,4.393007781,4.109759642,4.059198876,3.99262228
52,5.314631764,4.39272712,4.118288833,4.063970993,3.97780823
53,5.328448393,4.395751618,4.11881961,4.073559823,3.969930323
54,5.346464502,4.407293233,4.123597334,4.089046563,3.961028053
55,5.371763201,4.418831218,4.12636703,4.112810488,3.96231883
56,5.393386217,4.426889513,4.134820124,4.132468185,3.973343313
57,5.409319592,4.427382047,4.13476828,4.145220715,3.981070949
58,5.424949336,4.430890809,4.138361681,4.151900652,3.986964526
59,5.438675009,4.442209475,4.151245226,4.155041304,3.993762741
60,5.434378469,4.453513067,4.158639613,4.151627761,3.992336437
61,5.435339178,4.454968242,4.161803571,4.145197083,3.994943664
62,5.439557284,4.454230779,4.164663647,4.142149766,3.997399767
63,5.443102215,4.454832234,4.173816695,4.138445672,4.008710161
64,5.45290523,4.463203347,4.190682613,4.138084945,4.023176
65,5.467141511,4.463031782,4.20364987,4.138376261,4.035449707
66,5.486073016,4.464983645,4.209970547,4.141041858,4.038870795
67,5.497727502,4.470041213,4.219096258,4.140378177,4.033918377
68,5.507537628,4.47623008,4.220578854,4.13502104,4.030315572
69,5.515742211,4.484573261,4.227523651,4.136538516,4.031150704
70,5.523398841,4.494276584,4.232843682,4.140905197,4.036150927
71,5.529515053,4.502052104,4.232170641,4.137371902,4.036419734
72,5.539589296,4.505760022,4.236586631,4.134637909,4.037416395
73,5.54972595,4.506432502,4.238695953,4.132367763,4.037667699
74,5.559065906,4.51146493,4.239641274,4.132064604,4.042848519
75,5.571984682,4.511683677,4.241362086,4.136562709,4.047074568
76,5.585751064,4.511480406,4.242657582,4.138891982,4.05244418
77,5.601197161,4.510845906,4.244502082,4.139585822,4.054160173
78,5.61764444,4.511072888,4.245797054,4.140640525,4.049702893
79,5.630862106,4.515359994,4.249597713,4.142282531,4.046887058
80,5.636815868,4.521372365,4.250924116,4.143251628,4.047177838
81,5.640155694,4.524395942,4.252278593,4.144561475,4.051088842
82,5.639320666,4.522391484,4.252028679,4.147950028,4.052455641
83,5.635710102,4.518743681,4.252904752,4.146278648,4.056399588
84,5.625634642,4.513438942,4.254263439,4.146617939,4.058764745
85,5.61800726,4.513669733,4.256385172,4.152837424,4.061956102
86,5.620681447,4.517736453,4.254360383,4.159614555,4.067689398
87,5.625848065,4.519928822,4.251637628,4.168239086,4.075938938
88,5.632663373,4.525761263,4.252472886,4.174670758,4.086896182
89,5.63492086,4.532529299,4.254936661,4.177995944,4.095108314
90,5.636023463,4.537010069,4.260363203,4.181030738,4.099586254
91,5.642615133,4.539852011,4.268648171,4.184566152,4.100180389
92,5.647281174,4.543833268,4.273002238,4.187564423,4.10361721
93,5.654508776,4.546372458,4.273768643,4.192125011,4.104391266
94,5.664651715,4.547273786,4.273535893,4.196511985,4.104879509
95,5.672468336,4.543097018,4.269622785,4.198112953,4.100569126
96,5.682441081,4.543173149,4.26595553,4.200196036,4.099410645
97,5.690500928,4.545700174,4.263474567,4.20329155,4.101976453
98,5.699414513,4.547307221,4.263933365,4.20699919,4.101787768
99,5.707873409,4.549742044,4.264693995,4.209245868,4.102773617
100,5.711914436,4.55217454,4.266850672,4.209869982,4.104438448
101,5.717962186,4.554468027,4.270886915,4.214105972,4.104111523
102,5.724890214,4.555086099,4.272647241,4.218552763,4.102783762
103,5.736698382,4.554495517,4.277941051,4.224837325,4.103653018
104,5.747469607,4.555610444,4.282831793,4.230142889,4.105869026
105,5.755123043,4.557819142,4.288371696,4.235438779,4.107527199
106,5.756442746,4.561640773,4.291615011,4.244398666,4.108052863
107,5.75895386,4.569465449,4.292067608,4.253255095,4.108219911
108,5.760977231,4.576132549,4.291887295,4.258042984,4.111191783
109,5.763735909,4.582951164,4.292426227,4.261282221,4.114644769
110,5.769949887,4.587219491,4.292891675,4.265605442,4.115976109
111,5.77811914,4.588890365,4.291271703,4.26945351,4.114330378
112,5.788494212,4.589394733,4.2917863,4.270328124,4.112821785
113,5.795480183,4.589038017,4.292581663,4.269282203,4.109296635
114,5.800045486,4.587806378,4.293301447,4.267072495,4.107421035
115,5.805880892,4.587108224,4.295824891,4.266116906,4.10698693
116,5.813305524,4.587464672,4.302425676,4.265721504,4.108616958
117,5.825004884,4.589806614,4.309741126,4.263982983,4.111205242
118,5.830872307,4.592627249,4.315607292,4.262613809,4.115746115
119,5.834205128,4.596258985,4.321109481,4.263035353,4.119632628
120,5.839484724,4.597673823,4.326381004,4.263285994,4.123637254
121,5.841581584,4.597712476,4.329976367,4.261334891,4.127413806
122,5.843560419,4.596314602,4.333837209,4.258862204,4.131320874
123,5.847179155,4.592409172,4.336120964,4.256718201,4.134209067
124,5.853562123,4.592002487,4.337773778,4.256756623,4.138045771
125,5.859783712,4.593984411,4.338220965,4.257251564,4.142297385
126,5.865569415,4.597425331,4.336840966,4.256552773,4.145669585
127,5.871257112,4.599946966,4.336349298,4.257619198,4.147688515
128,5.876345301,4.600605411,4.33371654,4.259501327,4.150167137
129,5.878905335,4.600108832,4.333020696,4.261859158,4.152741561
130,5.881200342,4.603785932,4.335308785,4.264231985,4.155056425
131,5.884739803,4.6069667,4.338434788,4.267755684,4.15785438
132,5.890615261,4.606660598,4.342682292,4.27069812,4.159747227
133,5.896746976,4.605352686,4.345107528,4.272639354,4.16081805
134,5.902591898,4.602283833,4.347320514,4.273362117,4.163041974
135,5.905187847,4.599696455,4.347297008,4.272378529,4.16233249
136,5.906256513,4.59999948,4.347221888,4.270302227,4.161938301
137,5.91028613,4.600690075,4.347827158,4.269062242,4.160754054
138,5.913487604,4.602191739,4.349426338,4.26790211,4.161233793
139,5.917762278,4.604040518,4.351345033,4.266694662,4.164816011
140,5.920475739,4.607545234,4.353304412,4.266991778,4.169182171
141,5.922066225,4.610647201,4.357468706,4.267827331,4.173806716
142,5.926922563,4.613576288,4.360255373,4.269528189,4.178042988
143,5.935681734,4.618455031,4.364542026,4.271769891,4.180791099
144,5.945225565,4.622926423,4.366901279,4.272795776,4.182916563
145,5.953451595,4.624783623,4.367625262,4.273633265,4.185994107
146,5.962209534,4.624198239,4.368286171,4.274113876,4.188165516
147,5.970028042,4.623842389,4.368440269,4.273377539,4.190806854
148,5.976137907,4.622684656,4.368684972,4.273254287,4.191906345
149,5.982278341,4.622261573,4.368969651,4.273188108,4.1940599
150,5.989658403,4.624077975,4.368724553,4.272482947,4.196831141
151,5.995233117,4.625734664,4.370332733,4.273179402,4.198237884
152,5.998993595,4.626736091,4.371169538,4.275082778,4.199413684
153,6.000527967,4.627376464,4.371727257,4.278311847,4.200313084
154,6.000401119,4.627458728,4.372637186,4.280410882,4.199747555
155,6.001318739,4.628328046,4.376595003,4.283223594,4.199555631
156,6.006027124,4.630944199,4.381139127,4.28678031,4.200813052
157,6.010676385,4.634203992,4.384462956,4.290137408,4.20363754
158,6.014336919,4.636145817,4.387030691,4.293838081,4.205581436
159,6.016434104,4.639230039,4.387701634,4.295845426,4.207583567
160,6.016176638,4.643036729,4.388298054,4.29749091,4.210179311
161,6.01506964,4.647558473,4.389386794,4.299082403,4.212043724
162,6.016041804,4.652613198,4.390743577,4.302098671,4.214097303
163,6.017215615,4.657393275,4.390870944,4.304915556,4.216702932
164,6.02093697,4.660043901,4.391619637,4.307098789,4.219184572
165,6.027137481,4.661935881,4.393765862,4.309391631,4.221207384
166,6.032386384,4.663532237,4.395255406,4.310808206,4.222634448
167,6.036468548,4.663718653,4.396134963,4.312941181,4.224888491
168,6.038742438,4.663453315,4.396366189,4.314182818,4.2274049
169,6.040937879,4.662984364,4.395810992,4.315056707,4.229273797
170,6.042433349,4.662574336,4.396592077,4.316980664,4.230022657
171,6.044472553,4.66287496,4.397585501,4.318603255,4.230061752
172,6.046493634,4.663589827,4.397407411,4.318618398,4.228572708
173,6.046608491,4.663081373,4.397449202,4.318048913,4.225262043
174,6.044974017,4.662562661,4.397591007,4.319069244,4.221913376
175,6.044397778,4.661718795,4.39772258,4.31983335,4.220148375
176,6.046004276,4.660837467,4.398783035,4.319707432,4.219324431
177,6.047293626,4.659719662,4.4001344,4.319729719,4.220126923
178,6.049013274,4.659003094,4.40139208,4.320992348,4.222490308
179,6.050976253,4.658607307,4.403736351,4.322545367,4.22471429
180,6.05139793,4.657615381,4.40621337,4.325005509,4.226704268
181,6.051480022,4.6574716,4.408547158,4.326243864,4.228517184
182,6.052024613,4.659230481,4.410653292,4.326632326,4.229376104
183,6.051787301,4.660859494,4.413362847,4.326669574,4.229833468
184,6.052216957,4.662685463,4.415707823,4.327213586,4.230704299
185,6.051831367,4.665130065,4.417097711,4.326433858,4.232486617
186,6.051209889,4.668403763,4.418775753,4.32558933,4.234393023
187,6.052402548,4.669916356,4.419588948,4.325124033,4.236261977
188,6.052992531,4.669647223,4.420227974,4.323927985,4.236982994
189,6.053788708,4.669136802,4.421530839,4.321977953,4.236677591
190,6.055634971,4.668740367,4.423568205,4.320299685,4.23654051
191,6.059151785,4.667857379,4.426044378,4.319160348,4.236840197
192,6.062671312,4.666971254,4.428386118,4.318825109,4.238242066
193,6.066215249,4.666801758,4.431126958,4.317886681,4.24000963
194,6.071028793,4.66724822,4.433350014,4.316854003,4.241557456
195,6.075612404,4.668120501,4.435277596,4.315790136,4.242046791
196,6.078286263,4.668793799,4.436868427,4.314328579,4.242582586
197,6.081570473,4.669360098,4.438352682,4.31310244,4.243729647
198,6.085425037,4.669439063,4.440482649,4.31307382,4.245409659
199,6.08920983,4.668505678,4.441672517,4.313425234,4.24645485
200,6.093594426,4.666627529,4.441884588,4.312612873,4.246792851
201,6.096687004,4.665655929,4.44118595,4.312118821,4.247489221
202,6.100117761,4.665405505,4.440589493,4.313198098,4.247817159
203,6.103537629,4.665007881,4.439622458,4.314968389,4.248015379
204,6.106373586,4.663584791,4.438501393,4.316371932,4.24810613
205,6.109057963,4.662241679,4.437750397,4.318149892,4.248439577
206,6.110648834,4.661295966,4.436734893,4.318665263,4.248983709
207,6.112555491,4.661246964,4.435223239,4.319273788,4.249378369
208,6.115691599,4.66221525,4.434073877,4.319631062,4.249102608
209,6.11908293,4.662838964,4.43235864,4.320486026,4.249412559
210,6.121734264,4.66344231,4.430760691,4.322098566,4.250746507
211,6.124865453,4.664998407,4.430923984,4.323586943,4.251713397
212,6.127626348,4.665844976,4.431981482,4.325079484,4.252119786
213,6.128731509,4.666158109,4.432963057,4.326130854,4.251991067
214,6.128083328,4.666488832,4.433078128,4.327070101,4.251956158
215,6.126828373,4.666337273,4.433878958,4.327756225,4.252485417
216,6.125600516,4.665833657,4.434569405,4.327549104,4.25362273
217,6.123582553,4.665172665,4.435478977,4.327216444,4.25463609
218,6.121674302,4.665490946,4.435856698,4.327233649,4.256061516
219,6.120412621,4.666238576,4.436443197,4.328015202,4.257475802
220,6.118341828,4.666898096,4.437279961,4.328660059,4.258489375
221,6.116591901,4.667718575,4.438091022,4.329601622,4.259213685
222,6.114563728,4.667848015,4.437903625,4.330166133,4.259553054
223,6.112494497,4.667607558,4.437824671,4.330177461,4.259875993
224,6.110569548,4.6677799,4.437820498,4.33056576,4.260522919
225,6.108135903,4.669157679,4.438305505,4.330882284,4.261685411
226,6.10584329,4.670466374,4.438547961,4.331201386,4.262833663
227,6.105630523,4.672014926,4.438207048,4.331166013,4.264349223
228,6.106776408,4.673762267,4.437650059,4.331092874,4.266345449
229,6.108373191,4.675633113,4.437142389,4.331122015,4.26874247
230,6.110144091,4.677539286,4.436410962,4.331302615,4.271923071
231,6.111592397,4.679587684,4.435870026,4.331846859,4.274611406
232,6.113377062,4.68184145,4.435897553,4.332637901,4.277317854
233,6.114368832,4.68435486,4.436982496,4.334433185,4.280301814
234,6.115047677,4.686221684,4.437831813,4.336125403,4.283225727
235,6.115603606,4.687829601,4.438351799,4.337356346,4.285680993
236,6.116324501,4.689357055,4.439040934,4.338956295,4.287306676
237,6.117069957,4.690583591,4.440041019,4.340905141,4.289040678
238,6.118521652,4.691913408,4.4411436,4.342292568,4.290189029
239,6.119639899,4.692710196,4.441490844,4.344229478,4.290304695
240,6.119556596,4.694349675,4.441950749,4.346432437,4.291224514
241,6.119564547,4.695997261,4.442638546,4.348806741,4.292342439
242,6.120283935,4.698432849,4.442774939,4.350343804,4.293598582
243,6.121622061,4.701089965,4.442980275,4.351388438,4.294446327
244,6.122339456,4.702919724,4.443331499,4.352271419,4.29534333
245,6.12335371,4.704938829,4.44325002,4.353294756,4.296300525
246,6.124946737,4.70673195,4.44309761,4.35427965,4.297108623
247,6.126675145,4.708387485,4.443155095,4.355361745,4.298106612
248,6.128838498,4.709710149,4.443505882,4.356046736,4.299105833
249,6.131208525,4.710166169,4.444114963,4.356237812,4.299719423
250,6.133360609,4.710086287,4.445403889,4.356368351,4.300618175
251,6.136129437,4.70965554,4.446924058,4.356826464,4.301783419
252,6.138820002,4.70906887,4.448127393,4.357613257,4.302749495
253,6.141461529,4.708800622,4.449732088,4.358612102,4.303223932
254,6.14397414,4.708867432,4.450998593,4.359322128,4.303249211
255,6.147013397,4.709232144,4.451916184,4.359767016,4.303035316
256,6.151418522,4.709915853,4.452552074,4.359726195,4.302873444
257,6.156336959,4.710896407,4.453123876,4.35926473,4.302233883
258,6.160421671,4.711753368,4.454007731,4.358762579,4.301936067
259,6.1646818,4.712932723,4.455195572,4.358210158,4.301722483
260,6.167458935,4.714020035,4.45588087,4.357658225,4.301328745
261,6.169678158,4.714783545,4.456454753,4.357078739,4.300953113
262,6.171685832,4.715003803,4.457158929,4.356029774,4.300533563
263,6.173876554,4.714372582,4.457284771,4.355181028,4.300177532
264,6.175788997,4.713515715,4.457204737,4.35405756,4.299725528
265,6.17759267,4.712782815,4.457621087,4.353460862,4.299588256
266,6.179382462,4.711999288,4.458392482,4.353498329,4.299581522
267,6.180983316,4.711680635,4.459027668,4.354031668,4.299529786
268,6.182416513,4.711630845,4.459653473,4.354356717,4.299503811
269,6.184343238,4.711850425,4.460861524,4.354850814,4.299354925
270,6.186974469,4.712340134,4.46204237,4.355323823,4.299317667
271,6.190259442,4.712852406,4.463218806,4.355633522,4.299441574
272,6.193051316,4.713388696,4.46498857,4.356213657,4.299932204
273,6.195309307,4.714062287,4.4669111,4.356651688,4.300897746
274,6.197775122,4.715302962,4.468590544,4.357349863,4.302093978
275,6.201328036,4.716891317,4.470096114,4.358298564,4.303198966
276,6.205137723,4.71801602,4.471504616,4.359087575,4.304037713
277,6.209061634,4.719194923,4.472326063,4.359786456,4.305048797
278,6.212085635,4.720308576,4.472847786,4.360749264,4.306209283
279,6.214370266,4.720905588,4.473086959,4.360899538,4.307764582
280,6.216211275,4.721659824,4.473349759,4.361339096,4.309384495
281,6.217304158,4.722528558,4.473541875,4.361966919,4.311051195
282,6.217986754,4.723611136,4.473539105,4.362350575,4.312729859
283,6.218887821,4.725266626,4.47339021,4.362655998,4.314296986
284,6.22054728,4.726863001,4.473409673,4.363022549,4.315763917
285,6.222129453,4.728087597,4.473518112,4.363164892,4.317285317
286,6.222993345,4.729476131,4.473996937,4.363204816,4.319109996
287,6.223250817,4.730942218,4.474783908,4.363319403,4.320823336
288,6.223098001,4.732294381,4.475626527,4.363593052,4.322518674
289,6.222789605,4.733373973,4.476482112,4.36387905,4.324240018
290,6.222606935,4.734591316,4.477268089,4.364604334,4.325821542
291,6.223067113,4.735803888,4.478266318,4.365535237,4.327304378
292,6.223141391,4.737199212,4.47939981,4.36611546,4.328569095
293,6.223137452,4.739038922,4.480692343,4.366703362,4.329434986
294,6.222841093,4.741235065,4.482400078,4.367257191,4.330257847
295,6.223027429,4.74288629,4.484138909,4.367768855,4.331314877
296,6.223103477,4.744199179,4.485600388,4.368314135,4.332428114
297,6.223146837,4.745599252,4.486745525,4.368570012,4.333611363
298,6.223684675,4.74710472,4.487797878,4.368789332,4.334683472
299,6.224596999,4.74821394,4.488571189,4.369162461,4.335213007
300,6.225026448,4.748898562,4.489171502,4.369460337,4.33566384
301,6.225496612,4.749747852,4.489690273,4.369523583,4.335801634
302,6.22621396,4.750465324,4.49084091,4.36964682,4.335913468
303,6.227501951,4.750720987,4.491798561,4.369856859,4.335840396
304,6.228312566,4.751009295,4.492702567,4.370046407,4.335754361
305,6.228693673,4.751439334,4.493503022,4.370486352,4.335949505
306,6.2286471,4.752301985,4.493758374,4.370797642,4.336058434
307,6.228932757,4.753446999,4.493932455,4.371123049,4.336433549
308,6.22941988,4.754435502,4.493757129,4.371712054,4.336957311
309,6.229831347,4.755065615,4.493414988,4.372236754,4.337468052
310,6.229857237,4.755386255,4.49341864,4.37233669,4.337756102
311,6.229899667,4.755437235,4.493250577,4.372383423,4.338182507
312,6.229870259,4.75538892,4.493409798,4.372641745,4.338748949
313,6.229695712,4.755810417,4.494088877,4.37316331,4.339346416
314,6.229068805,4.756587751,4.495189869,4.373493821,4.339697392
315,6.227844365,4.757513325,4.495925082,4.373549799,4.340169388
316,6.226586318,4.758400175,4.496368427,4.373507551,4.340702661
317,6.226010202,4.75945289,4.496806664,4.373586301,4.341335119
318,6.225697946,4.760243523,4.496966724,4.373693437,4.341834821
319,6.225489477,4.760681957,4.497126405,4.373522464,4.342223939
320,6.225091552,4.760732262,4.497196662,4.372963689,4.342594197
321,6.225005014,4.760678037,4.497034096,4.37240844,4.342910248
322,6.22559407,4.760934274,4.496543002,4.372065506,4.343518604
323,6.22652404,4.761599159,4.496251908,4.371698622,4.344023876
324,6.227415264,4.762471582,4.495834876,4.37157151,4.34458636
325,6.228213495,4.763030871,4.495534322,4.371395715,4.344877262
326,6.22873585,4.763440186,4.495476541,4.371049443,4.345280711
327,6.229182497,4.763794292,4.495520836,4.370744068,4.346006008
328,6.229346403,4.764096571,4.495858233,4.370475002,4.34700767
329,6.22965241,4.764250728,4.495856563,4.370566219,4.347789982
330,6.230044949,4.764478487,4.496014547,4.371012822,4.34855513
331,6.230539657,4.764705643,4.49633023,4.37157373,4.349550906
332,6.23082317,4.765079228,4.496909926,4.371908411,4.350952247
333,6.231015851,4.765594005,4.49747514,4.372153678,4.352492252
334,6.231597705,4.766606647,4.498033998,4.372545454,4.353963469
335,6.231739276,4.767390152,4.498359831,4.373154145,4.355278065
336,6.231778806,4.768104437,4.498798606,4.373793059,4.356528181
337,6.231884334,4.768677889,4.499337642,4.374276178,4.357613239
338,6.231716908,4.769010361,4.500231538,4.374866561,4.358588222
339,6.231992918,4.769412558,4.501081698,4.375531059,4.359382483
340,6.232628951,4.770170363,4.501653453,4.376684145,4.360239651
341,6.233195144,4.77110917,4.502156173,4.377927335,4.361032142
342,6.233997458,4.771542815,4.502436933,4.378782928,4.361918747
343,6.234654785,4.771843817,4.502827205,4.379306739,4.363415618
344,6.235373802,4.772139651,4.50311668,4.379825014,4.365104358
345,6.236083314,4.772438202,4.503635065,4.37991079,4.366781347
346,6.23664456,4.772721116,4.503788454,4.37965541,4.36832112
347,6.237162557,4.772983323,4.503509848,4.379669417,4.369592324
348,6.237740473,4.773089639,4.503231308,4.3798494,4.370873484
349,6.238873554,4.773322464,4.503055767,4.379992318,4.372246373
350,6.239784121,4.773227937,4.502953538,4.380076082,4.373439147
351,6.240323058,4.773059519,4.502640863,4.380120779,4.374739864
352,6.240763753,4.773051372,4.502533086,4.380033408,4.375986848
353,6.241210767,4.773107856,4.50277013,4.380134086,4.377137409
354,6.241987283,4.773200485,4.503373261,4.380491408,4.378204554
355,6.242688461,4.773153941,4.503993459,4.380848815,4.379419085
356,6.243810799,4.773264512,4.504705558,4.381232045,4.380329549
357,6.24507407,4.773399891,4.505503273,4.381605441,4.381215201
358,6.245765247,4.773484421,4.506055231,4.381819459,4.382143767
359,6.245918526,4.773920288,4.506193917,4.38202352,4.383234981
360,6.246132877,4.774668032,4.505991821,4.382479073,4.384311796
361,6.246486721,4.775261762,4.505548334,4.382974623,4.385011322
362,6.246206031,4.776237424,4.505257782,4.383501982,4.385665668
363,6.246165702,4.777522934,4.50508805,4.383946051,4.386269381
364,6.246276979,4.778616051,4.505100917,4.384354541,4.386767206
365,6.24646469,4.779525594,4.505184441,4.38469198,4.387022128
366,6.246172516,4.78060767,4.505360648,4.384961109,4.387452846
367,6.246138643,4.781438087,4.505614811,4.385219692,4.387850923
368,6.246233178,4.782302625,4.505933695,4.385398774,4.387986119
369,6.246605529,4.783123114,4.506672337,4.38584621,4.387909861
370,6.24709462,4.783686298,4.507369856,4.386355065,4.387629012
371,6.247803143,4.784245683,4.507974283,4.386758071,4.38730827
372,6.248736337,4.784682136,4.508743316,4.386831469,4.386862268
373,6.249656133,4.785060906,4.509474799,4.386780933,4.386497978
374,6.250696303,4.785410879,4.510137711,4.386859263,4.385884807
375,6.251602592,4.785533981,4.510808525,4.386958824,4.385288078
376,6.252633227,4.785913222,4.511344114,4.387075039,4.384610315
377,6.253740572,4.786523688,4.511746808,4.387149672,4.384164962
378,6.253967609,4.787208641,4.512105085,4.387092747,4.383674643
379,6.25408277,4.78796307,4.512377641,4.387190274,4.383272212
380,6.254140501,4.788565404,4.512583641,4.387487368,4.382983791
381,6.254147295,4.788900131,4.512761156,4.387874862,4.383147986
382,6.253912105,4.789079406,4.512969167,4.388385047,4.383240244
383,6.253698903,4.789263311,4.513063839,4.388771027,4.383143135
384,6.25386558,4.789290596,4.513200989,4.388997487,4.383126502
385,6.254080219,4.789708692,4.513522342,4.38901852,4.383200546
386,6.254085595,4.790060321,4.513769406,4.389166603,4.383488527
387,6.25363838,4.789958487,4.513845268,4.38930633,4.383861102
388,6.253267377,4.789621308,4.51385334,4.389280392,4.384522265
389,6.2531563,4.789025962,4.513638059,4.389373685,4.385336002
390,6.253142333,4.788316727,4.513359277,4.38947714,4.386383666
391,6.252917194,4.787680814,4.513341477,4.389552031,4.387288021
392,6.25292994,4.787109975,4.513393496,4.389788898,4.388166145
393,6.253013863,4.78670157,4.513492416,4.390043259,4.388990202
394,6.253132635,4.786165634,4.513727823,4.390552243,4.38980331
395,6.253488221,4.785775573,4.513963461,4.39142875,4.390397227
396,6.253937255,4.785145833,4.513972023,4.392226556,4.390982593
397,6.254128717,4.784203249,4.51381057,4.392975161,4.391691737
398,6.254189928,4.783204802,4.513675579,4.393491978,4.39237192
399,6.254403535,4.782194244,4.513404532,4.39408074,4.392998659
400,6.254324685,4.781313174,4.513048685,4.394457082,4.393527833
401,6.254132198,4.780689532,4.512571029,4.394871526,4.394086057
402,6.253497176,4.780317399,4.511958994,4.395308981,4.394817845
403,6.252952114,4.780116385,4.511623277,4.3958476,4.395502732
404,6.252487605,4.780242325,4.511272312,4.396526496,4.396244715
405,6.251784969,4.780560832,4.510773611,4.397212619,4.396669427
406,6.251156165,4.780761199,4.510423352,4.398207754,4.397162296
407,6.250502808,4.780699797,4.510132242,4.399226687,4.397687597
408,6.250010022,4.780477545,4.509773877,4.400154061,4.398214311
409,6.249533174,4.780211602,4.509514302,4.400851396,4.398740716
410,6.249214453,4.780120489,4.509640557,4.401468111,4.399130951
411,6.249166449,4.780276019,4.50982602,4.402103588,4.399409557
412,6.249160865,4.780645289,4.510102916,4.40275991,4.399700298
413,6.24941991,4.781189138,4.51055519,4.403483997,4.400025968
414,6.249564479,4.78157799,4.511019958,4.404015746,4.400250439
415,6.250206467,4.781899445,4.511345595,4.404373464,4.400445695
416,6.25064856,4.781960567,4.511482932,4.404691643,4.400627726
417,6.251054941,4.782081619,4.51153744,4.405078722,4.40090278
418,6.251517585,4.782234003,4.511418864,4.405355228,4.401324597
419,6.251888799,4.782468541,4.511209797,4.405589635,4.401763372
420,6.252284397,4.782684562,4.510962277,4.405908837,4.402232239
421,6.253050607,4.782867925,4.510869455,4.406368683,4.402365717
422,6.254285943,4.783169375,4.510864399,4.406790634,4.402287342
423,6.255713787,4.783526299,4.511023443,4.407042619,4.402180118
424,6.257585099,4.78379459,4.511637327,4.407204185,4.402054003
425,6.259680546,4.784130209,4.512256946,4.407203631,4.402233434
426,6.261431025,4.784561702,4.512685834,4.407276134,4.402516137
427,6.263259359,4.784986309,4.513002825,4.407327144,4.402526461
428,6.26507202,4.78532132,4.513315712,4.407459685,4.402430187
429,6.266901831,4.785697848,4.513646315,4.407567855,4.402264905
430,6.26850056,4.786194454,4.514027366,4.407716051,4.402179142
431,6.270365483,4.786684444,4.514843248,4.408105323,4.402253428
432,6.27194681,4.787012211,4.515844826,4.408502511,4.402278993
433,6.273656105,4.78738588,4.516709383,4.40879833,4.402322358
434,6.275643597,4.787830424,4.517432464,4.409025274,4.402310289
435,6.27784376,4.788274109,4.518187564,4.409161628,4.402394159
436,6.27978347,4.788574649,4.518921536,4.409255291,4.402572029
437,6.281495895,4.789080203,4.519630407,4.409473982,4.402964651
438,6.282986493,4.789748332,4.520287975,4.409640523,4.403596461
439,6.284389943,4.790573011,4.521022484,4.409886427,4.404457247
440,6.285599072,4.791389693,4.521610224,4.410107705,4.405157304
441,6.286386308,4.792178288,4.522131177,4.410269675,4.405704924
442,6.286902099,4.793078782,4.52269969,4.410350392,4.406181557
443,6.287628302,4.793911245,4.522936369,4.410502674,4.406636926
444,6.288349395,4.794597138,4.522788804,4.410788428,4.407076107
445,6.28869407,4.795064855,4.522435321,4.411023423,4.407625015
446,6.288941751,4.795325094,4.522131466,4.411339429,4.408091227
447,6.289402305,4.795762731,4.521703838,4.411635721,4.408511221
448,6.290136586,4.796308326,4.521266123,4.411831033,4.408918785
449,6.290917906,4.797076679,4.520691526,4.412246013,4.409462473
450,6.291790003,4.797976615,4.520212202,4.412914965,4.410130214
451,6.292637754,4.798916367,4.519826887,4.413749547,4.41088951
452,6.293494373,4.799731666,4.519688627,4.414358609,4.411542483
453,6.294574237,4.800223606,4.519831802,4.414841765,4.411991564
454,6.295769506,4.800698508,4.520001762,4.41517358,4.412452028
455,6.296924645,4.801014516,4.520321491,4.415444638,4.412801132
456,6.297622874,4.801367792,4.520765713,4.415587816,4.413154333
457,6.297917329,4.801682708,4.521162538,4.415653387,4.413530608
458,6.298295882,4.801843403,4.521690802,4.415764099,4.413874818
459,6.29889972,4.801853011,4.522137209,4.415905986,4.41424932
460,6.299399038,4.801926736,4.522492654,4.416182836,4.414615452
461,6.30016573,4.801961261,4.523003558,4.416507577,4.415066706
462,6.301115549,4.801897417,4.523674807,4.416766717,4.415700402
463,6.301944478,4.801940801,4.524332047,4.417009583,4.416253224
464,6.302796367,4.801969654,4.524951746,4.417200816,4.416737009
465,6.303862513,4.802033097,4.525728005,4.417517143,4.4171066
466,6.305149231,4.802280563,4.526553992,4.417842379,4.417472288
467,6.306423318,4.802615462,4.527273489,4.418085199,4.417674362
468,6.307374671,4.802779775,4.527945657,4.418343948,4.417774202
469,6.308150448,4.802696735,4.528702295,4.418614251,4.417954126
470,6.308977315,4.802769961,4.529516312,4.418845892,4.417999675
471,6.309801782,4.803011839,4.530105288,4.419111027,4.418202
472,6.31072002,4.803220202,4.530458056,4.419342898,4.418468168
473,6.311653747,4.803493876,4.530740113,4.419426665,4.418740036
474,6.312396149,4.803728503,4.530986424,4.419399773,4.419069756
475,6.313029605,4.804023669,4.531222673,4.419523987,4.419503277
476,6.313596162,4.804405931,4.531460868,4.419850832,4.420011479
477,6.314290275,4.80481863,4.531680116,4.420236658,4.420608812
478,6.315083747,4.805278791,4.531821569,4.420740586,4.421252837
479,6.315753392,4.805599806,4.532128813,4.421178065,4.421931439
480,6.316492859,4.805882467,4.532559217,4.42144966,4.422699091
481,6.317302988,4.806167796,4.532961052,4.421329193,4.423464234
482,6.31776975,4.80668275,4.533356943,4.421200064,4.42437532
483,6.317929642,4.807143402,4.533736288,4.421168827,4.425397715
484,6.317879697,4.807552645,4.534188182,4.421057623,4.426412759
485,6.317545961,4.808162671,4.534626269,4.421020013,4.427297487
486,6.317015974,4.808819931,4.535087237,4.421124839,4.428145765
487,6.316408607,4.809334045,4.535591102,4.421390488,4.428902845
488,6.315854928,4.809634066,4.536025165,4.42169056,4.429666767
489,6.315299551,4.809793643,4.536448959,4.42215003,4.430234375
490,6.314565527,4.810063516,4.536820705,4.422536559,4.430769471
491,6.313843764,4.810369312,4.537240911,4.423042938,4.431245007
492,6.313271086,4.810772712,4.537737152,4.423633996,4.431663796
493,6.312784573,4.811115043,4.538115424,4.424285387,4.432016674
494,6.312427129,4.811522874,4.53855642,4.4249588,4.432397337
495,6.312105345,4.811949082,4.538994221,4.425719577,4.432762902
496,6.311732748,4.812321487,4.539368732,4.426380642,4.433245377
497,6.311454341,4.812673337,4.539639548,4.42694326,4.433622139
498,6.31135088,4.81304908,4.539966364,4.427382277,4.433914789
499,6.311242669,4.813385257,4.540397006,4.427838957,4.434162827
500,6.310874637,4.813672995,4.540762576,4.428234891,4.4343554
501,6.310503762,4.813916907,4.540984499,4.428603619,4.434486337
502,6.310096856,4.814309629,4.541091831,4.42899252,4.434564024
503,6.309722026,4.81473941,4.541053386,4.429308052,4.434637866
504,6.309555442,4.815258904,4.540928798,4.429543585,4.434727978
505,6.309501888,4.815967076,4.54087831,4.429806036,4.434895663
506,6.309640755,4.816594187,4.540690513,4.430088865,4.435165269
507,6.309718969,4.817254174,4.540433393,4.430389583,4.435355342
508,6.30982085,4.817881559,4.540335204,4.430680331,4.4355482
509,6.309862745,4.818465659,4.540381505,4.43106986,4.435651312
510,6.310020172,4.819068888,4.540488934,4.431652736,4.435725817
511,6.31034784,4.819722828,4.540508222,4.432153107,4.435713857
512,6.31079979,4.820442349,4.540529593,4.432635232,4.435725839
513,6.311162096,4.821093503,4.540547924,4.433254396,4.435939682
514,6.311602274,4.821873498,4.5405189,4.43385924,4.436152543
515,6.312104736,4.822560236,4.540447129,4.434335686,4.436555251
516,6.312596841,4.823235828,4.540324151,4.434591323,4.436922609
517,6.312980591,4.823774703,4.540213959,4.434765071,4.437228503
518,6.31326903,4.824345606,4.540175542,4.435025879,4.437521223
519,6.313352167,4.825127659,4.540411226,4.435461153,4.437787754
520,6.313311185,4.825990846,4.540729041,4.43584405,4.438088488
521,6.313333219,4.826765584,4.541115596,4.436222748,4.438381998
522,6.313323236,4.827376925,4.541676653,4.436472227,4.4386083
523,6.313344356,4.827863108,4.542274671,4.436654701,4.438796803
524,6.313507801,4.82832538,4.542873092,4.436754609,4.438962227
525,6.313552394,4.828812954,4.54343157,4.436910478,4.43907988
526,6.313637842,4.829256594,4.544046724,4.437179102,4.439088499
527,6.313699032,4.829698163,4.544884937,4.437614992,4.43925203
528,6.313654802,4.830118489,4.54576097,4.438134331,4.439363501
529,6.313485844,4.830629085,4.546632413,4.438695105,4.439432067
530,6.313336315,4.83123297,4.547555764,4.439199433,4.439598067
531,6.313226433,4.831788104,4.548484489,4.439658838,4.439743015
532,6.313069681,4.832460591,4.549125391,4.44021603,4.439868548
533,6.312852225,4.833239878,4.549735164,4.440849725,4.440065885
534,6.312681704,4.833991979,4.550442562,4.441503732,4.440379004
535,6.312271437,4.834596456,4.550988381,4.442153771,4.440644709
536,6.311813993,4.835057958,4.551433935,4.442852067,4.440885702
537,6.311297184,4.835404064,4.551850182,4.443531634,4.441275482
538,6.310628661,4.835662659,4.552396701,4.444127446,4.441638003
539,6.310047674,4.835979794,4.553071256,4.444850437,4.441947985
540,6.309386268,4.836173509,4.553846911,4.445629541,4.442179639
541,6.308553284,4.836404881,4.554619942,4.446369286,4.442504923
542,6.307855729,4.836584955,4.555448041,4.447144423,4.443022489
543,6.307341852,4.836764345,4.556253177,4.447948983,4.443603125
544,6.306830704,4.836971057,4.556988208,4.448653249,4.444208667
545,6.306353933,4.837126467,4.55772633,4.449313099,4.444784331
546,6.306107118,4.837237129,4.558303119,4.449802668,4.445346341
547,6.305868498,4.837345998,4.558756848,4.450293205,4.445885766
548,6.305613483,4.837440417,4.559253982,4.450815153,4.44643295
549,6.305391452,4.8374801,4.559776065,4.451287032,4.446956807
550,6.305284713,4.837596487,4.560288446,4.451614836,4.447568104
551,6.3052391,4.837803395,4.560815955,4.451856763,4.448231026
552,6.304977282,4.83788641,4.561245167,4.451934469,4.44894651
553,6.304649335,4.837900333,4.561634322,4.451969393,4.449786941
554,6.304330917,4.837789483,4.561931502,4.451971387,4.450682172
555,6.303976533,4.837594099,4.562183902,4.451970041,4.451484746
556,6.30364043,4.837383947,4.562417229,4.452014394,4.452236449
557,6.303444355,4.837124877,4.562514788,4.45203403,4.452967316
558,6.303219731,4.836930793,4.562540573,4.452034602,4.453622432
559,6.302926681,4.836804899,4.562648262,4.452211062,4.45434052
560,6.302661546,4.836753509,4.562832199,4.452429642,4.45498976
561,6.302351408,4.836696198,4.562935377,4.452646747,4.455622168
562,6.301952702,4.836522751,4.562928233,4.452887213,4.456245835
563,6.301615321,4.836292446,4.562873363,4.453074949,4.45678684
564,6.301425725,4.836142093,4.562702799,4.453377296,4.457347672
565,6.301194815,4.835987461,4.562621479,4.453834113,4.45796202
566,6.300980153,4.83580051,4.562593469,4.454412597,4.45864113
567,6.300771783,4.835577078,4.562544842,4.454886542,4.459353108
568,6.300640278,4.835429514,4.562487115,4.455271875,4.460063129
569,6.300341343,4.835326311,4.562352992,4.455608393,4.460706145
570,6.300151511,4.835396796,4.562306071,4.455919463,4.461344359
571,6.300155735,4.835514851,4.562284443,4.456201573,4.461967197
572,6.3002881,4.83574752,4.562298003,4.456512979,4.462614591
573,6.300336081,4.836031927,4.56230726,4.45703765,4.463188557
574,6.300375982,4.836368084,4.562400192,4.457657781,4.463655188
575,6.300557541,4.83677251,4.562633676,4.458249086,4.463968252
576,6.300671654,4.83716594,4.562866118,4.458781319,4.464213314
577,6.300906709,4.837698788,4.563207305,4.459268245,4.46444188
578,6.300997362,4.83847642,4.563559652,4.459764984,4.464570819
579,6.301071222,4.839287117,4.563938469,4.460176447,4.464595686
580,6.30116537,4.840108788,4.564304296,4.460503482,4.464568413
581,6.301398263,4.840832739,4.56456498,4.460923376,4.464559375
582,6.301680701,4.841510508,4.564574854,4.461306833,4.46469142
583,6.30204351,4.842261251,4.564470949,4.46170673,4.464891367
584,6.302383086,4.843026368,4.564323731,4.462148569,4.465031183
585,6.302833464,4.843814067,4.564333809,4.462562645,4.465142179
586,6.303368699,4.844706666,4.564361811,4.462947044,4.465330489
587,6.304084056,4.8457164,4.56428065,4.463335042,4.465570747
588,6.304849656,4.846779565,4.564114268,4.463477965,4.465804397
589,6.305536643,4.847911855,4.564008855,4.463561747,4.466065129
590,6.306181441,4.849124432,4.563920101,4.463566886,4.466377888
591,6.306795573,4.850323806,4.563939429,4.463625815,4.46674879
592,6.307449216,4.851572325,4.563965375,4.463762104,4.467212739
593,6.308152678,4.852762902,4.563990977,4.463869208,4.467639948
594,6.308887216,4.853886448,4.564119691,4.463966394,4.468021074
595,6.309572787,4.854941599,4.564344781,4.463976745,4.468326755
596,6.310197137,4.855996178,4.564551436,4.464056974,4.468670499
597,6.31070076,4.857017152,4.564804578,4.464149037,4.469107905
598,6.311253,4.857999253,4.565091566,4.464147429,4.46954573
599,6.311813658,4.858973202,4.565361648,4.464096469,4.469930433
600,6.312188524,4.85990945,4.565645806,4.464041593,4.470241076
601,6.312519681,4.86073819,4.565983573,4.463898636,4.47048289
602,6.312902799,4.861469444,4.566440821,4.463738073,4.47069488
603,6.313347867,4.862130772,4.566989171,4.463530716,4.470968168
604,6.313658151,4.862723246,4.567613893,4.463330136,4.471333339
605,6.314057849,4.863165741,4.568366238,4.463177075,4.47156239
606,6.314412929,4.863531277,4.569123249,4.463086185,4.471778093
607,6.314583063,4.863854793,4.569746532,4.462994524,4.47203065
608,6.31465274,4.864144185,4.570332873,4.462844125,4.472336801
609,6.314600365,4.864345874,4.570873413,4.462602814,4.472594529
610,6.314532594,4.864484513,4.571242785,4.462324576,4.472839964
611,6.314450942,4.864684209,4.571637858,4.462149416,4.473150383
612,6.314299433,4.864933026,4.572042725,4.461974405,4.473622246
613,6.314078223,4.865164816,4.57249245,4.461796935,4.474113736
614,6.314016128,4.865380196,4.572883612,4.46158797,4.474552973
615,6.313958627,4.865625257,4.573290281,4.461438328,4.475039819
616,6.313927105,4.865756833,4.573663652,4.46119293,4.475640173
617,6.313933753,4.865846936,4.574014388,4.460977612,4.476321929
618,6.314116136,4.866095462,4.574442647,4.460821027,4.476962869
619,6.314406275,4.866362147,4.574914105,4.460602771,4.477527173
620,6.31463768,4.866664176,4.575307613,4.460494255,4.477966002
621,6.314756783,4.866895741,4.575725072,4.46044827,4.478384429
622,6.315069888,4.867130099,4.576178688,4.460446804,4.478896465
623,6.315425677,4.867431589,4.576741294,4.460566792,4.47939981
624,6.315734484,4.867804114,4.577331592,4.460646614,4.479950964
625,6.316107678,4.868400156,4.578009888,4.460805515,4.480480727
626,6.316590431,4.868905381,4.578717502,4.460998707,4.480997265
627,6.316828633,4.869402394,4.579303995,4.461142931,4.481424154
628,6.317014681,4.869756007,4.579900498,4.461439743,4.481868532
629,6.317190733,4.870038968,4.580516945,4.461751557,4.482245986
630,6.317345525,4.870275081,4.581210388,4.461972109,4.482574863
631,6.317335945,4.870642253,4.581866141,4.462196438,4.482890418
632,6.317285264,4.871147392,4.582515385,4.462512988,4.483135353
633,6.317134639,4.871581094,4.583201746,4.462860894,4.483346827
634,6.317079725,4.872044591,4.583927663,4.463251461,4.483535803
635,6.317082802,4.872469067,4.584681002,4.463604044,4.483727665
636,6.31700472,4.87289186,4.585474484,4.463972393,4.483968309
637,6.316843621,4.873215282,4.58611012,4.464427201,4.484245788
638,6.316621564,4.8735451,4.586630683,4.464922622,4.484566269
639,6.316360596,4.8740533,4.587139389,4.46543026,4.484941341
640,6.316094027,4.874666378,4.587669525,4.465933589,4.485349257
641,6.315844748,4.875176425,4.588169005,4.466339033,4.485676542
642,6.315637951,4.875576603,4.5886981,4.466736602,4.486017093
643,6.315500785,4.876022814,4.589261275,4.467117728,4.486312224
644,6.315471112,4.876406676,4.589922873,4.467443935,4.486532835
645,6.315386995,4.876762363,4.59061559,4.467794167,4.486805327
646,6.315370243,4.877114626,4.591258009,4.468162786,4.487035401
647,6.31531194,4.877483115,4.591925509,4.468530722,4.487232965
648,6.315190375,4.877729326,4.592485843,4.468825642,4.487366917
649,6.315027277,4.877989217,4.592932579,4.46915744,4.487516529
650,6.31477437,4.878247588,4.59337386,4.469453629,4.487611527
651,6.314334508,4.878351614,4.593702147,4.469731972,4.487747675
652,6.313735734,4.878382558,4.594052535,4.469970512,4.48788464
653,6.313097374,4.878470991,4.594358746,4.470105372,4.488063689
654,6.312365544,4.878553183,4.594594351,4.470176103,4.488082203
655,6.311538113,4.878538129,4.594725585,4.470242786,4.487981194
656,6.31075544,4.878482926,4.594829051,4.470265524,4.487868664
657,6.31003089,4.878389738,4.594915883,4.470235822,4.487710613
658,6.309353926,4.878257541,4.594976244,4.470245261,4.487431526
659,6.308608901,4.878068931,4.595011609,4.47016266,4.487205681
660,6.307741501,4.877720642,4.594941626,4.469922516,4.486878452
661,6.306942004,4.877368274,4.594851366,4.469611465,4.486511543
662,6.306277483,4.876987348,4.594756248,4.469218889,4.486125075
663,6.30558092,4.876601,4.594625492,4.468736089,4.485826143
664,6.304784899,4.876206233,4.594426761,4.468267044,4.485572338
665,6.30421673,4.875858984,4.59432207,4.467871699,4.485359355
666,6.303662463,4.875570181,4.594227835,4.467557557,4.485228101
667,6.303265869,4.875348492,4.594194112,4.467237743,4.485107413
668,6.303044645,4.875198683,4.594237607,4.467006778,4.484975695
669,6.302991187,4.875100578,4.594371045,4.466815273,4.484867345
670,6.30291958,4.87490497,4.594442405,4.466626946,4.484677964
671,6.302857869,4.874734921,4.594524235,4.466459131,4.48438065
672,6.302783133,4.874605155,4.59448055,4.466314277,4.484151431
673,6.302645439,4.874490548,4.594321847,4.466112026,4.483972634
674,6.302547516,4.874454757,4.594170322,4.46586706,4.483883863
675,6.302523719,4.874476961,4.594070296,4.465626967,4.483799255
676,6.302608876,4.874547089,4.594000557,4.465490039,4.483721755
677,6.302796752,4.874643286,4.593869612,4.465298274,4.483644408
678,6.303094336,4.874776493,4.593700986,4.465068461,4.483565612
679,6.303386788,4.874881599,4.593563519,4.464931952,4.483451653
680,6.303590281,4.874955945,4.593379718,4.464855141,4.483336516
681,6.303819073,4.875080999,4.593095584,4.464708659,4.483230827
682,6.304040413,4.875114972,4.592803142,4.464611743,4.483175221
683,6.3042172,4.875023683,4.592540291,4.46450586,4.483210407
684,6.304457421,4.874962835,4.592414624,4.464380898,4.483299106
685,6.304795191,4.874950156,4.592289732,4.464276836,4.483359982
686,6.305135974,4.8749115,4.592202189,4.464267882,4.483481972
687,6.305523074,4.874918168,4.592100492,4.464269379,4.483623409
688,6.30594363,4.874906267,4.592071318,4.464268398,4.48376439
689,6.306167301,4.874880696,4.591990174,4.464315024,4.483921857
690,6.306364183,4.874831574,4.591929729,4.464376576,4.484130598
691,6.306498306,4.874888045,4.591950829,4.464466297,4.48431444
692,6.306596084,4.875145456,4.59201902,4.464588386,4.484464186
693,6.306682402,4.875380647,4.592083716,4.464780925,4.484558984
694,6.306666096,4.875580915,4.592142334,4.464970244,4.484628344
695,6.306862577,4.875842116,4.592167185,4.465266064,4.484718164
696,6.307094307,4.876043557,4.592182557,4.465643644,4.484855596
697,6.307343014,4.876257541,4.592223187,4.465902449,4.484947753
698,6.30757426,4.876511899,4.592371456,4.46611584,4.485090716
699,6.307675865,4.876808146,4.592625055,4.466372175,4.485218341
700,6.307696778,4.877051514,4.592783877,4.466640017,4.485309266
701,6.307705033,4.877227798,4.592955687,4.466848581,4.485234893
702,6.307605054,4.877326823,4.593136167,4.467089241,4.485026579
703,6.307469314,4.877414844,4.593303632,4.467344441,4.484815029
704,6.307419467,4.877560727,4.593521635,4.467669505,4.484671303
705,6.307345344,4.8777123,4.593664098,4.468069039,4.484535098
706,6.307175863,4.877884302,4.593828398,4.468438681,4.484346846
707,6.307001292,4.878153949,4.594022808,4.468818068,4.484107621
708,6.306704793,4.87835214,4.594166007,4.469227501,4.483881609
709,6.306424748,4.878540134,4.594309968,4.469698027,4.483747139
710,6.30609819,4.878798117,4.594448009,4.470256547,4.483630215
711,6.305911259,4.879045241,4.594598379,4.470866569,4.483496344
712,6.305787247,4.879272248,4.59477665,4.471462547,4.483353225
713,6.305743214,4.87950006,4.594983756,4.471957995,4.483237752
714,6.305822281,4.879784678,4.595224066,4.472406642,4.483149674
715,6.305918829,4.880039874,4.595488101,4.472877807,4.483042336
716,6.305913323,4.880354865,4.595776591,4.473302586,4.483011719
717,6.305957503,4.880680954,4.596059768,4.47370912,4.483076417
718,6.305972427,4.881085498,4.596291638,4.474107573,4.483209085
719,6.30599247,4.881442719,4.596485377,4.474493532,4.483392174
720,6.30619683,4.881883026,4.596690535,4.474968905,4.483623148
721,6.306510246,4.882381128,4.596977728,4.47550519,4.483905575
722,6.306825542,4.882899905,4.597271478,4.476052831,4.484202247
723,6.307078914,4.883346028,4.597538539,4.476576509,4.484531065
724,6.307309375,4.883738259,4.597753536,4.477055929,4.484874932
725,6.307545444,4.884089206,4.598055055,4.477515115,4.485287024
726,6.307713861,4.884480275,4.598328507,4.477941757,4.48566757
727,6.307924507,4.884909466,4.598587753,4.478396649,4.485996123
728,6.308181201,4.885270489,4.598869871,4.478881208,4.486273013
729,6.308529435,4.885586888,4.599144858,4.479398447,4.486531707
730,6.308870931,4.88593517,4.59937996,4.479926422,4.486794818
731,6.309183864,4.886230149,4.599539931,4.480410369,4.487080924
732,6.309546102,4.886478866,4.599672271,4.480899706,4.487306294
733,6.309910612,4.886725471,4.599798714,4.481464183,4.487498936
734,6.310281324,4.886929663,4.599922938,4.482044166,4.487683439
735,6.310668594,4.887153832,4.600053813,4.482570917,4.487789795
736,6.3110063,4.887353459,4.600196124,4.483009912,4.487776201
737,6.311366085,4.887562306,4.60035013,4.483365348,4.487778157
738,6.311712758,4.887737011,4.600474631,4.483554105,4.487793051
739,6.312057766,4.887948143,4.60051352,4.483679073,4.487817047
740,6.31235627,4.888119943,4.600524704,4.483772232,4.487813252
741,6.312692423,4.888275739,4.600516777,4.483841831,4.487804914
742,6.313040969,4.888434072,4.600502783,4.483927896,4.487763512
743,6.313403173,4.888504905,4.600514441,4.48396994,4.487732751
744,6.313820639,4.888598499,4.600548477,4.483978435,4.487663769
745,6.314372043,4.888700338,4.600653672,4.484030428,4.487574681
746,6.314946181,4.888754541,4.600835487,4.484101504,4.487573593
747,6.31549277,4.888855003,4.600987834,4.484205853,4.487590431
748,6.31607275,4.889010413,4.601204924,4.484258742,4.487608898
749,6.316607198,4.88923296,4.601431589,4.484214537,4.487620875
750,6.317143401,4.889483608,4.601677438,4.484167335,4.487618792
751,6.317526141,4.889653418,4.601907497,4.4841748,4.487648863
752,6.317750472,4.889742856,4.602118806,4.484219246,4.487739446
753,6.31794426,4.889838213,4.602342118,4.484208288,4.487798421
754,6.318236953,4.889896629,4.602557415,4.484238901,4.487844244
755,6.318476875,4.889997493,4.602755377,4.484314754,4.487888628
756,6.31873796,4.890104917,4.60296758,4.484477061,4.487935378
757,6.319062199,4.890172154,4.603144971,4.48469771,4.487978584
758,6.319355287,4.890268587,4.603308528,4.484858689,4.488044308
759,6.319547435,4.890362063,4.603470351,4.48495092,4.488144925
760,6.31968527,4.890516278,4.60363279,4.484884062,4.488314069
761,6.319856332,4.890684427,4.603843434,4.48476877,4.488567681
762,6.320127391,4.890897409,4.604235324,4.484675976,4.488824265
763,6.320446334,4.891108413,4.604664722,4.484576084,4.489061951
764,6.320815883,4.891374637,4.6050672,4.484469015,4.489219485
765,6.3213081,4.891676884,4.605471966,4.48441032,4.489350493
766,6.32183474,4.891939584,4.605859918,4.484390152,4.489506712
767,6.322349873,4.892241613,4.606196789,4.484385945,4.489598925
768,6.322828947,4.892522205,4.606555579,4.484384867,4.489683644
769,6.323293691,4.892803491,4.606925137,4.484386444,4.489793651
770,6.323760047,4.893086169,4.607366817,4.484436228,4.489912218
771,6.324140449,4.893306714,4.607833951,4.484481335,4.490127202
772,6.324500413,4.893402656,4.608231336,4.484424368,4.490293195
773,6.324830687,4.893556885,4.608613736,4.484365019,4.490450029
774,6.325165134,4.893729444,4.608967827,4.484284465,4.490715561
775,6.325502899,4.893914238,4.609307945,4.484257788,4.490964614
776,6.325748336,4.894110979,4.609647553,4.484278315,4.491189824
777,6.326009806,4.894305326,4.609940156,4.484312126,4.491418471
778,6.326260397,4.894539603,4.610203804,4.484351196,4.491681348
779,6.326640792,4.894874656,4.610608966,4.484417177,4.492005392
780,6.327054913,4.89518091,4.611016802,4.484445396,4.492340422
781,6.327362252,4.895422644,4.611404542,4.484539026,4.492675569
782,6.327490283,4.895678154,4.611799047,4.484678769,4.492953517
783,6.327442167,4.895887255,4.612128281,4.484770415,4.493234316
784,6.327475803,4.896098815,4.612364835,4.484708794,4.493579486
785,6.327550149,4.896341285,4.612582233,4.48461119,4.493890128
786,6.327552063,4.896513469,4.612836599,4.484512236,4.494199856
787,6.327618986,4.896657283,4.613089588,4.484484236,4.494500755
788,6.327744872,4.89679107,4.61333749,4.484491479,4.494803871
789,6.327851306,4.896900056,4.613622392,4.484476406,4.495058368
790,6.32784359,4.897007472,4.613891314,4.484467101,4.495278674
791,6.327622001,4.897144717,4.614060484,4.484512419,4.495499197
792,6.327275429,4.897227768,4.614221533,4.484542441,4.495720919
793,6.326839712,4.897302332,4.614393446,4.484567881,4.495969751
794,6.326453063,4.897348604,4.614552331,4.484619147,4.496243671
795,6.326190668,4.897413248,4.614718343,4.484650305,4.496490107
796,6.325903936,4.897511174,4.614805141,4.484680122,4.49668258
797,6.325775598,4.897692174,4.614944576,4.484770126,4.496934394
798,6.325787045,4.897801375,4.615063019,4.484916683,4.497169206
799,6.325794058,4.897775798,4.615113434,4.485038279,4.497293769
800,6.325883413,4.897630762,4.615176145,4.485157752,4.497370007
801,6.325956476,4.897498198,4.615264089,4.485269914,4.497483486
802,6.325958631,4.897285299,4.615343661,4.485413522,4.497650365
803,6.326005449,4.897112409,4.615408045,4.485512524,4.497876132
804,6.326071586,4.896949002,4.615448687,4.485593207,4.498191797
805,6.326180592,4.896754178,4.615434452,4.485696817,4.498474028
806,6.32625782,4.896510847,4.615363693,4.485798971,4.498697633
807,6.326347287,4.896320703,4.615287713,4.485931928,4.498899998
808,6.326362135,4.896239027,4.615221492,4.48603631,4.499208514
809,6.326339553,4.896184384,4.615127905,4.486162733,4.49957018
810,6.32622629,4.896103542,4.614985919,4.486262993,4.499911593
811,6.326118784,4.896090308,4.614801478,4.48636073,4.500188979
812,6.326118879,4.896079222,4.614642551,4.486452185,4.500475282
813,6.326182657,4.896013102,4.614499682,4.486596255,4.500729334
814,6.326283635,4.895931061,4.614392877,4.48674493,4.50096105
815,6.32641994,4.895838923,4.614356169,4.486927798,4.501181541
816,6.326529278,4.895772333,4.614441602,4.487122813,4.501336105
817,6.326664169,4.895640931,4.614580928,4.487323038,4.501431487
818,6.326758085,4.895497755,4.614715772,4.487551203,4.501535341
819,6.32679333,4.89532848,4.614811378,4.487786687,4.501657486
820,6.326823402,4.895198168,4.614863965,4.487989436,4.501775169
821,6.32687798,4.895095234,4.614950633,4.488173689,4.501902645
822,6.327048887,4.895011752,4.615063773,4.488366683,4.502058666
823,6.327256948,4.894866898,4.615142725,4.488568046,4.502237645
824,6.327375299,4.894708382,4.615211183,4.488802518,4.502415069
825,6.327440739,4.894558421,4.615238727,4.489035098,4.502621167
826,6.327458835,4.894342237,4.615251159,4.48934523,4.50280148
827,6.327475024,4.894077222,4.615209105,4.489645793,4.502984441
828,6.327458008,4.893755067,4.615170194,4.489968349,4.503190735
829,6.327530329,4.893467008,4.615128211,4.490378164,4.50344012
830,6.327688335,4.893216451,4.615080118,4.490767596,4.503711949
831,6.327850132,4.892945095,4.615011312,4.49111702,4.503949064
832,6.328048717,4.892643928,4.614918446,4.491442328,4.504179618
833,6.328253264,4.89234434,4.614838501,4.491783262,4.504371924
834,6.328354774,4.892054125,4.614767118,4.492138089,4.504606181
835,6.328402535,4.891782712,4.614704151,4.492461941,4.504834769
836,6.328410133,4.891587419,4.61462096,4.492785718,4.505029334
837,6.328423127,4.891430291,4.614485065,4.493083049,4.505199756
838,6.328589953,4.89130009,4.614333069,4.493423734,4.505344573
839,6.328744639,4.891174869,4.614216801,4.49381143,4.50545998
840,6.328882911,4.891046532,4.614140159,4.494157198,4.505594717
841,6.329065603,4.89096331,4.614120274,4.494486466,4.505675125
842,6.32924791,4.8908457,4.614036852,4.494808468,4.505755168
843,6.329393057,4.890690399,4.613954751,4.495132055,4.505823842
844,6.329432701,4.890547385,4.613918274,4.495504144,4.50583654
845,6.32944923,4.890369454,4.613912783,4.495854011,4.50587077
846,6.329474644,4.890148306,4.613932692,4.496184962,4.50588873
847,6.329413204,4.889935847,4.613931719,4.496544706,4.505825767
848,6.329334984,4.889677889,4.613931874,4.496815283,4.505808617
849,6.329239938,4.889415495,4.613899614,4.497061059,4.505788169
850,6.329151898,4.889138951,4.613881693,4.49729809,4.505769903
851,6.329036973,4.888891152,4.613879797,4.497478577,4.505795974
852,6.328943744,4.888607676,4.613832823,4.497639959,4.50584634
853,6.328841564,4.888260343,4.613805003,4.497764659,4.505879072
854,6.328821609,4.887902728,4.613789239,4.497891829,4.505951384
855,6.328799604,4.887596035,4.613757527,4.498013115,4.506062538
856,6.328745643,4.887323611,4.613679387,4.498102201,4.50618953
857,6.328728828,4.887068148,4.613655018,4.498226903,4.506325405
858,6.32862042,4.88683883,4.613626258,4.49836852,4.506468151
859,6.328534856,4.886618598,4.613659456,4.498539319,4.506645882
860,6.328508003,4.886422144,4.613689619,4.498696701,4.506901485
861,6.32853089,4.886239306,4.613649999,4.498846613,4.50720909
862,6.328587643,4.886176795,4.613628426,4.498964978,4.507513841
863,6.328572048,4.886186713,4.613626218,4.499008645,4.507888196
864,6.328492097,4.886052347,4.613632979,4.499051369,4.508293305
865,6.328407435,4.885879057,4.613661152,4.499109911,4.508701382
866,6.32832068,4.885609748,4.613677339,4.499134335,4.509050099
867,6.3282446,4.88528188,4.613657019,4.499149613,4.509345616
868,6.328069404,4.884868058,4.61363492,4.499161401,4.509506563
869,6.327884331,4.884430492,4.613578574,4.499102461,4.509558954
870,6.327721165,4.884074956,4.61351247,4.499067749,4.509552947
871,6.327514845,4.883732635,4.613381551,4.499039016,4.509539253
872,6.327314674,4.883450379,4.613294384,4.49902024,4.509596972
873,6.32724864,4.883224203,4.613270374,4.499033975,4.509728655
874,6.327313874,4.88303416,4.613264802,4.499008875,4.509891945
875,6.327423034,4.882851692,4.613310289,4.498987729,4.510069484
876,6.327523308,4.882628539,4.613381817,4.498988634,4.510251798
877,6.327651265,4.882362611,4.613505054,4.499006465,4.510448946
878,6.327785312,4.88203905,4.613632747,4.499043644,4.510619749
879,6.327972362,4.881671752,4.613742052,4.499072824,4.510762901
880,6.328222321,4.881235289,4.613846239,4.499093768,4.510881966
881,6.32852515,4.880804644,4.613976486,4.499164512,4.51098284
882,6.328853286,4.880399923,4.61414615,4.499200426,4.511079841
883,6.329170119,4.880016217,4.614365276,4.499268165,4.51124261
884,6.329448516,4.879568432,4.614519134,4.499360255,4.511467435
885,6.329715144,4.879160618,4.614641197,4.49945447,4.511715932
886,6.329978948,4.878793082,4.614738284,4.499596972,4.511931347
887,6.330232522,4.878423246,4.614838726,4.499708926,4.512107494
888,6.330543059,4.878067259,4.614922863,4.499808726,4.512245315
889,6.330881063,4.877702265,4.614980311,4.499911667,4.512426325
890,6.331341201,4.877341904,4.615062116,4.500008254,4.512619379
891,6.331802562,4.877053693,4.615178108,4.500118121,4.512887385
892,6.332215059,4.876816991,4.615293983,4.500237924,4.513152012
893,6.332609918,4.876588158,4.615422831,4.500377032,4.513397752
894,6.332988534,4.876326482,4.615540961,4.500494498,4.513622343
895,6.333331447,4.876020102,4.615609998,4.500626703,4.513866883
896,6.333658346,4.875724939,4.615671421,4.500777084,4.514183347
897,6.333897896,4.875418294,4.615748124,4.500946697,4.514452929
898,6.334123445,4.875103192,4.615843314,4.501080864,4.514670964
899,6.334346048,4.87476358,4.615941436,4.50123497,4.514917684
900,6.33458807,4.874408586,4.616056236,4.501425594,4.51519859
901,6.334832651,4.874045124,4.616166417,4.501561893,4.5154543
902,6.335045779,4.873690358,4.616291118,4.501720737,4.515682318
903,6.335232114,4.873323626,4.616394233,4.501839717,4.515848808
904,6.335475945,4.872969223,4.616486639,4.501868807,4.515985807
905,6.335785607,4.872621349,4.616587351,4.50188477,4.516114872
906,6.336109934,4.872286851,4.616638731,4.501918187,4.516250062
907,6.336361802,4.871943521,4.616711083,4.501959476,4.516401019
908,6.336577487,4.87158231,4.616801944,4.502042299,4.516569305
909,6.336740008,4.871209753,4.616907738,4.50220209,4.516761758
910,6.336821504,4.870820444,4.616942045,4.502350648,4.516938919
911,6.336856782,4.870436448,4.616996181,4.502506324,4.5170454
912,6.336927514,4.870170085,4.617073345,4.502685698,4.517142531
913,6.337033542,4.869984088,4.617166269,4.502900886,4.517236902
914,6.337227815,4.869822966,4.61727291,4.50313866,4.517348836
915,6.337385187,4.869667937,4.617374298,4.50338561,4.517462453
916,6.337535603,4.869550801,4.617487895,4.50362164,4.517587779
917,6.337684058,4.869466599,4.617538387,4.503821324,4.51770805
918,6.337789598,4.869387529,4.617626319,4.504023017,4.517822691
919,6.337812251,4.869314783,4.617696227,4.504157341,4.517987092
920,6.337887092,4.869260963,4.617748149,4.504272997,4.518149295
921,6.337962786,4.869225381,4.617779053,4.50439793,4.518280713
922,6.338014911,4.869196098,4.617810681,4.504506328,4.518398969
923,6.337982022,4.869145803,4.617837322,4.504584295,4.518473296
924,6.3379921,4.869032582,4.617831651,4.504618618,4.518593422
925,6.338004316,4.868917725,4.617824202,4.504575275,4.518753999
926,6.338028617,4.868859754,4.617846058,4.504517065,4.518904275
927,6.338099625,4.868834614,4.617894562,4.504501533,4.519068497
928,6.338218724,4.868800648,4.6179441,4.504529953,4.519248255
929,6.338348654,4.868813133,4.61798298,4.504570618,4.519433147
930,6.338545304,4.868827538,4.618047865,4.504623453,4.51963153
931,6.338751787,4.868823023,4.618118882,4.50469211,4.519834949
932,6.338921477,4.868855074,4.618200481,4.504795901,4.520056856
933,6.339068382,4.86885834,4.618284082,4.504875784,4.520270468
934,6.339214436,4.86883097,4.618406648,4.504932633,4.520495104
935,6.339264397,4.868762509,4.618558209,4.504989387,4.52067282
936,6.33927851,4.868719072,4.618724409,4.505058792,4.520777794
937,6.339319673,4.868678815,4.618907559,4.505146656,4.520836581
938,6.33939375,4.868633894,4.61907884,4.505240638,4.520837418
939,6.339464628,4.868612057,4.61925722,4.505349185,4.520806925
940,6.339510194,4.868585009,4.619409208,4.505492715,4.520765841
941,6.339526189,4.868574967,4.619538089,4.505618188,4.520701037
942,6.33958155,4.868550813,4.619727525,4.505760491,4.520665911
943,6.339676816,4.868539803,4.619880102,4.505880931,4.520608069
944,6.339696581,4.868482215,4.62003516,4.505981358,4.52054122
945,6.339624704,4.86837619,4.620177782,4.506062856,4.520454868
946,6.339548876,4.868277893,4.620322572,4.506147264,4.520332443
947,6.33949903,4.868164972,4.620468729,4.506235353,4.520230008
948,6.339385259,4.86804198,4.620608238,4.506296588,4.520143532
949,6.339269403,4.867876103,4.620754238,4.506347916,4.520067452
950,6.33923362,4.867754659,4.620925215,4.506354812,4.520018645
951,6.339243462,4.867641369,4.621142915,4.506379307,4.520004521
952,6.33932019,4.867531671,4.621345265,4.506443293,4.520011548
953,6.339486604,4.867447586,4.621534918,4.506524108,4.52008703
954,6.339663109,4.86741028,4.621721377,4.506594371,4.520152993
955,6.339845745,4.867387299,4.621879237,4.506680101,4.520205075
956,6.340003303,4.867356435,4.622006081,4.506784755,4.52026391
957,6.340156712,4.867347953,4.622109899,4.506863329,4.52028191
958,6.340281631,4.867349188,4.622251388,4.50696846,4.520199517
959,6.340388269,4.867355613,4.622394736,4.507113125,4.520079873
960,6.340514446,4.867364951,4.622517323,4.507275227,4.519996379
961,6.340675683,4.867365069,4.622639905,4.507393185,4.519945647
962,6.340812363,4.867398891,4.622738748,4.507463312,4.519933538
963,6.340945411,4.867451987,4.622816397,4.507533875,4.519983181
964,6.34109654,4.867573067,4.622884976,4.507592534,4.520053876
965,6.341170676,4.867700903,4.622947403,4.507678464,4.520128644
966,6.341150972,4.867759203,4.622985968,4.507735645,4.520242147
967,6.34112603,4.867760137,4.62299615,4.50779966,4.520369127
968,6.341143555,4.86772633,4.623043404,4.507856665,4.520516979
969,6.341165061,4.867712991,4.62311281,4.507859023,4.52059946
970,6.341175928,4.867732365,4.623235233,4.50786208,4.520679465
971,6.341069889,4.867722086,4.623341949,4.507856002,4.520728632
972,6.340869565,4.867751167,4.623471015,4.507863646,4.520740192
973,6.340658599,4.867773306,4.623611083,4.507918672,4.520773153
974,6.340421982,4.86779039,4.623794165,4.507980046,4.520836503
975,6.340135522,4.867824507,4.623984413,4.508044355,4.520948676
976,6.339847959,4.86787071,4.624153938,4.508096509,4.521066199
977,6.339640814,4.867892644,4.624308608,4.508127229,4.52116819
978,6.339494624,4.867881674,4.624462621,4.50815254,4.521290923
979,6.339380272,4.867858535,4.624605917,4.508208965,4.521398047
980,6.339226289,4.86774415,4.624736343,4.508252757,4.521511396
981,6.33904801,4.86770197,4.624890352,4.508308021,4.52162864
982,6.33880973,4.867729674,4.625042879,4.508400198,4.52174378
983,6.338521314,4.867770711,4.625199131,4.508492642,4.521864459
984,6.338220703,4.867793628,4.625401589,4.508536013,4.521968764
985,6.337951013,4.86785946,4.625660034,4.508585733,4.522101317
986,6.337665777,4.867916071,4.625915607,4.508617304,4.52227772
987,6.337386762,4.867918578,4.626133196,4.508657486,4.522504599
988,6.337132416,4.86792443,4.626329525,4.508731642,4.522718935
989,6.336903978,4.867889064,4.626500846,4.508819164,4.522921899
990,6.336611181,4.867835687,4.626649246,4.508914927,4.523146373
991,6.336258983,4.867813072,4.626762686,4.509020523,4.523342178
992,6.335877275,4.867779302,4.626911939,4.509133168,4.523534234
993,6.335521854,4.867744951,4.627072474,4.509223621,4.523727046
994,6.335183175,4.867632953,4.627221351,4.509332215,4.523897155
995,6.334874742,4.867553194,4.627349112,4.509431824,4.524096395
996,6.334566379,4.867471474,4.627447829,4.509529923,4.524277822
997,6.334256987,4.867418258,4.627533647,4.509611615,4.524465661
998,6.333941683,4.867374128,4.627622967,4.509692283,4.52466646
999,6.333714798,4.86738405,4.627745668,4.509772351,4.524891682
